trip_id,mandi_id,destination_warehouse,departure_time,arrival_time,transit_hours,distance,distance_unit,vehicle_no,driver_id,distance_km,vehicle_no_clean,departure_time_clean,arrival_time_clean,reason,recommended_action
TRP006374,MANDI050,WH-Central,2026-04-30T20:08:22,01/05/2026 05:26,9.3,305.714532,miles,,DRV264,491.99862492888,,2026-04-30 20:08:22,2026-01-05 05:26:00,Negative transit time or arrival before departure,Exclude from transit average KPIs
TRP002031,MANDI057,WH-South,2026-08-01 08:47:10,2026-08-01 13:05:10,-4.3,185.9,km,RJ-30-DF-3879,DRV891,185.9,RJ30DF3879,,,Negative transit time or arrival before departure,Exclude from transit average KPIs
TRP006585,MANDI037,WH-West,25-Jul-2026 01:21:38,,-3.7,216.5,km,,DRV203,216.5,,,,Negative transit time or arrival before departure,Exclude from transit average KPIs
TRP008311,MANDI008,WH-East,2026-08-18T01:45:45,2026-08-18 19:57:45,-18.2,906.1,km,,DRV132,906.1,,2026-08-18 01:45:45,,Negative transit time or arrival before departure,Exclude from transit average KPIs
TRP001057,MANDI043,WH-North,2026-07-25 05:01:53,26/07/2026,-20.9,943.2,km,rj 99-AB-1741,DRV234,943.2,RJ99AB1741,,,Negative transit time or arrival before departure,Exclude from transit average KPIs
TRP006329,MANDI052,WH-West,2026-03-20T03:34:48,2026-03-21 02:58:48,-23.4,735.8275382,miles,rj 54-BC-7562,DRV288,1184.196690326788,RJ54BC7562,2026-03-20 03:34:48,,Negative transit time or arrival before departure,Exclude from transit average KPIs
TRP005099,MANDI034,Export-Terminal,2026-03-19 14:03:50,2026-03-19T18:21:50,-4.3,248.1,km,DL-82-BC-9183,DRV844,248.1,DL82BC9183,,,Negative transit time or arrival before departure,Exclude from transit average KPIs
TRP004614,MANDI054,WH-North,2026-02-16 20:27:14,,-9.7,479.9,km,UP-62-AB-1484,,479.9,UP62AB1484,,,Negative transit time or arrival before departure,Exclude from transit average KPIs
TRP007248,MANDI057,WH-East,26/05/2026 07:11,2026-05-26 12:11:22,-5.0,226.4,km,RJ-34-BC-7142,DRV404,226.4,RJ34BC7142,,,Negative transit time or arrival before departure,Exclude from transit average KPIs
TRP000544,MANDI004,Export-Terminal,08-03-2026 12:23 AM,08-03-2026 09:47 AM,-9.4,544.4,km,RJ-14-AB-8168,,544.4,RJ14AB8168,,,Negative transit time or arrival before departure,Exclude from transit average KPIs
TRP007227,MANDI001,WH-West,06-30-2026 06:43 PM,,-20.9,1185.5,km,DL-98-CD-1437,DRV962,1185.5,DL98CD1437,,,Negative transit time or arrival before departure,Exclude from transit average KPIs
TRP002250,MANDI021,WH-Central,2026-02-03 15:46:08,2026-02-04 09:28:08,-17.7,775.5,km,PB-67-AB-8204,,775.5,PB67AB8204,,,Negative transit time or arrival before departure,Exclude from transit average KPIs
TRP008065,MANDI055,WH-North,31/07/2026 12:46,31/07/2026,-7.2,422.4,km,HR29-AB-8045,DRV566,422.4,HR29AB8045,,,Negative transit time or arrival before departure,Exclude from transit average KPIs
TRP009560,MANDI046,WH-West,02-04-2026 09:10 AM,02-05-2026 04:10 AM,-19.0,1051.2,km,RJ83-BC-5416,DRV274,1051.2,RJ83BC5416,,,Negative transit time or arrival before departure,Exclude from transit average KPIs
TRP006951,MANDI011,WH-West,2026-06-16T22:09:22,17-Jun-2026 20:57:22,-22.8,1090.5,km,PB-14-CD-6515,DRV382,1090.5,PB14CD6515,2026-06-16 22:09:22,,Negative transit time or arrival before departure,Exclude from transit average KPIs
TRP000533,MANDI039,Export-Terminal,17-Apr-2026 09:47:45,17/04/2026 17:41,-7.9,429.4,km,up 13-AB-6530,,429.4,UP13AB6530,,,Negative transit time or arrival before departure,Exclude from transit average KPIs
TRP006011,MANDI056,WH-North,2026-03-03T13:26:26,,-10.3,500.9,km,RJ-13-AB-9827,DRV380,500.9,RJ13AB9827,2026-03-03 13:26:26,,Negative transit time or arrival before departure,Exclude from transit average KPIs
TRP002948,MANDI030,WH-East,27/04/2026 14:49,28/04/2026 10:55,-20.1,1017.3,km,,DRV910,1017.3,,,,Negative transit time or arrival before departure,Exclude from transit average KPIs
TRP007399,MANDI018,WH-North,2026-01-30 01:25:25,2026-01-30 19:07:25,-17.7,637.7130573,miles,HR-43-AB-2010,,1026.2971316351818,HR43AB2010,,,Negative transit time or arrival before departure,Exclude from transit average KPIs
TRP001892,MANDI022,Export-Terminal,2026-05-07 19:07:53,05-08-2026 10:13 AM,-15.1,771.8,km,RJ-26-BC-6558,DRV219,771.8,RJ26BC6558,,,Negative transit time or arrival before departure,Exclude from transit average KPIs
TRP000260,MANDI027,Export-Terminal,2026-01-29 14:14:33,29-Jan-2026 20:20:33,-6.1,252.9 KM,,DL46-CD-2171,,,DL46CD2171,,,Negative transit time or arrival before departure,Exclude from transit average KPIs
TRP005457,MANDI022,WH-West,05-01-2026 02:18 PM,05-02-2026 11:18 AM,-21.0,1226.1 KM,,,DRV262,,,,,Negative transit time or arrival before departure,Exclude from transit average KPIs
TRP002911,MANDI034,WH-West,2026-06-10 14:20:28,11/06/2026,-22.3,796.7218962000001,miles,HR-99-DF-9280,,1282.1964164305082,HR99DF9280,,,Negative transit time or arrival before departure,Exclude from transit average KPIs
TRP002895,MANDI015,WH-South,2026-04-01T02:30:03,01-Apr-2026 13:54:03,-11.4,457.9 KM,,PB 69 AB 7490,DRV383,,PB69AB7490,2026-04-01 02:30:03,,Negative transit time or arrival before departure,Exclude from transit average KPIs
TRP004990,MANDI054,Export-Terminal,2026-02-06 18:20:26,07/02/2026 11:56,-17.6,781.1,km,,DRV629,781.1,,,2026-07-02 11:56:00,Negative transit time or arrival before departure,Exclude from transit average KPIs
TRP008463,MANDI038,Export-Terminal,04/07/2026,2026-07-05T04:38:10,-18.1,614.3495077,miles,up 30-CD-7913,,988.697236721918,UP30CD7913,,,Negative transit time or arrival before departure,Exclude from transit average KPIs
TRP003950,MANDI049,WH-South,2026-05-02T05:33:32,02/05/2026 08:09,,150.7,km,PB-80-DF-1221,DRV531,150.7,PB80DF1221,2026-05-02 05:33:32,2026-02-05 08:09:00,Negative transit time or arrival before departure,Exclude from transit average KPIs
TRP005757,MANDI002,WH-West,03/05/2026 22:59,2026-05-04 10:59:38,-12.0,398.98231910000004,miles,DL44-AB-6532,DRV899,642.0982054203939,DL44AB6532,,,Negative transit time or arrival before departure,Exclude from transit average KPIs
TRP004732,MANDI034,WH-South,27/05/2026,2026-05-27T08:59:24,-3.1,156.0,km,DL 95 CD 1440,DRV227,156.0,DL95CD1440,,,Negative transit time or arrival before departure,Exclude from transit average KPIs
TRP007934,MANDI015,Export-Terminal,2026-03-02T19:22:59,02/03/2026 21:34,2.2,117.0,km,DL-66-DF-6360,,117.0,DL66DF6360,2026-03-02 19:22:59,2026-02-03 21:34:00,Negative transit time or arrival before departure,Exclude from transit average KPIs
TRP001965,MANDI022,WH-South,2026-05-23 02:19:50,23/05/2026 19:01,-16.7,721.7,km,DL-92-DF-4822,DRV460,721.7,DL92DF4822,,,Negative transit time or arrival before departure,Exclude from transit average KPIs
TRP001826,MANDI038,WH-West,2026-03-04 15:53:48,05-Mar-2026 06:35:48,-14.7,607.6,km,,DRV437,607.6,,,,Negative transit time or arrival before departure,Exclude from transit average KPIs
TRP007534,MANDI039,WH-West,18-Aug-2026 10:38:35,2026-08-18 14:02:35,-3.4,156.4,km,UP97-AB-2861,DRV543,156.4,UP97AB2861,,,Negative transit time or arrival before departure,Exclude from transit average KPIs
TRP003383,MANDI010,WH-South,09-Jul-2026 02:29:26,2026-07-09T13:35:26,-11.1,630.6,km,HR 21 BC 7841,DRV827,630.6,HR21BC7841,,,Negative transit time or arrival before departure,Exclude from transit average KPIs
TRP008637,MANDI024,WH-Central,06/03/2026,2026-03-07 03:25:52,-8.7,417.4,km,dl 34-CD-1030,DRV666,417.4,DL34CD1030,,,Negative transit time or arrival before departure,Exclude from transit average KPIs
TRP009316,MANDI044,WH-Central,25/04/2026 12:04,26/04/2026 08:40,-20.6,1180.2,km,RJ-39-CD-7238,,1180.2,RJ39CD7238,,,Negative transit time or arrival before departure,Exclude from transit average KPIs
TRP005517,MANDI028,WH-Central,2026-07-23T03:33:46,23-Jul-2026 23:57:46,-20.4,1166.3,km,HR-66-CD-3753,,1166.3,HR66CD3753,2026-07-23 03:33:46,,Negative transit time or arrival before departure,Exclude from transit average KPIs
TRP004666,MANDI019,WH-West,12-Mar-2026 23:56:35,13-Mar-2026 05:56:35,-6.0,318.5,km,hr 99-AB-7891,,318.5,HR99AB7891,,,Negative transit time or arrival before departure,Exclude from transit average KPIs
TRP004985,MANDI002,WH-South,19/02/2026,19-Feb-2026 19:17:54,-8.1,389.0 KM,,UP51-CD-3477,,,UP51CD3477,,,Negative transit time or arrival before departure,Exclude from transit average KPIs
TRP008244,MANDI007,WH-East,05-24-2026 11:55 PM,,-20.5,674.187535,miles,UP-15-AB-3005,DRV332,1084.9969675769,UP15AB3005,,,Negative transit time or arrival before departure,Exclude from transit average KPIs
TRP005028,MANDI047,WH-North,30/04/2026 13:45,,-20.0,979.1 KM,,HR16-AB-4535,DRV267,,HR16AB4535,,,Negative transit time or arrival before departure,Exclude from transit average KPIs
TRP005655,MANDI034,WH-North,09-Mar-2026 10:39:49,2026-03-09T19:27:49,-8.8,423.5,km,rj 67-CD-6756,,423.5,RJ67CD6756,,,Negative transit time or arrival before departure,Exclude from transit average KPIs
TRP001836,MANDI015,WH-East,2026-07-06T05:27:28,,-22.9,1333.8,km,PB-94-BC-1910,DRV396,1333.8,PB94BC1910,2026-07-06 05:27:28,,Negative transit time or arrival before departure,Exclude from transit average KPIs
TRP005684,MANDI009,WH-Central,02-01-2026 12:00 PM,2026-02-01T22:54:19,-10.9,539.6,km,dl 79-CD-6878,,539.6,DL79CD6878,,,Negative transit time or arrival before departure,Exclude from transit average KPIs
TRP009282,MANDI027,WH-West,2026-05-13 16:52:16,2026-05-14T10:22:16,-17.5,997.5,km,PB 17 BC 1457,DRV828,997.5,PB17BC1457,,,Negative transit time or arrival before departure,Exclude from transit average KPIs
TRP006537,MANDI037,WH-North,07-03-2026 03:32 PM,07-04-2026 06:38 AM,-15.1,382.20530210000004,miles,RJ-56-AB-4123,DRV138,615.098280881614,RJ56AB4123,,,Negative transit time or arrival before departure,Exclude from transit average KPIs
TRP008230,MANDI038,WH-East,2026-03-31 16:49:20,04-01-2026 04:37 PM,-23.8,1095.4,km,HR62-BC-4237,,1095.4,HR62BC4237,,,Negative transit time or arrival before departure,Exclude from transit average KPIs
TRP008576,MANDI047,WH-Central,2026-08-06 01:02:51,06-Aug-2026 20:08:51,-19.1,999.2,km,,DRV823,999.2,,,,Negative transit time or arrival before departure,Exclude from transit average KPIs
TRP000569,MANDI015,WH-West,2026-05-28T16:43:57,29/05/2026,-23.6,1095.5,km,RJ60-DF-7919,DRV613,1095.5,RJ60DF7919,2026-05-28 16:43:57,,Negative transit time or arrival before departure,Exclude from transit average KPIs
TRP008185,MANDI055,WH-East,18/05/2026 07:49,,-10.8,613.6,km,RJ-21-AB-4484,DRV854,613.6,RJ21AB4484,,,Negative transit time or arrival before departure,Exclude from transit average KPIs
TRP009114,MANDI043,WH-North,07-20-2026 05:06 AM,2026-07-20 21:36:46,-16.5,954.9,km,RJ-58-AB-9017,DRV320,954.9,RJ58AB9017,,,Negative transit time or arrival before departure,Exclude from transit average KPIs
TRP004716,MANDI002,Export-Terminal,22/04/2026,2026-04-23T05:26:42,-19.3,802.8,km,UP-98-AB-6445,DRV540,802.8,UP98AB6445,,,Negative transit time or arrival before departure,Exclude from transit average KPIs
TRP008500,MANDI028,WH-South,10/04/2026 05:10,2026-04-10 22:34:07,-17.4,829.0,km,UP 35 CD 2587,DRV373,829.0,UP35CD2587,,,Negative transit time or arrival before departure,Exclude from transit average KPIs
TRP000915,MANDI020,WH-West,26-Mar-2026 20:52:02,27/03/2026 15:16,-18.4,764.4,km,PB-62-CD-1780,DRV464,764.4,PB62CD1780,,,Negative transit time or arrival before departure,Exclude from transit average KPIs
TRP005628,MANDI037,Export-Terminal,16/01/2026 21:37,2026-01-17 10:25:47,-12.8,739.5,km,DL 88 DF 2133,DRV131,739.5,DL88DF2133,,,Negative transit time or arrival before departure,Exclude from transit average KPIs
TRP009845,MANDI035,WH-West,02-Aug-2026 13:47:17,2026-08-02 19:29:17,-5.7,285.1,km,hr 67-BC-3200,,285.1,HR67BC3200,,,Negative transit time or arrival before departure,Exclude from transit average KPIs
TRP006226,MANDI021,WH-North,13-Feb-2026 14:34:27,,-10.3,550.7,km,UP 33 AB 3670,DRV662,550.7,UP33AB3670,,,Negative transit time or arrival before departure,Exclude from transit average KPIs
TRP004375,MANDI045,WH-North,2026-06-28 07:39:22,29-Jun-2026 02:45:22,-19.1,1054.1,km,,DRV927,1054.1,,,,Negative transit time or arrival before departure,Exclude from transit average KPIs
TRP004059,MANDI027,WH-West,20/06/2026,21/06/2026,-23.7,1234.8,km,pb 22-CD-5754,,1234.8,PB22CD5754,,,Negative transit time or arrival before departure,Exclude from transit average KPIs
TRP007526,MANDI016,WH-Central,2026-08-06T19:06:02,06-Aug-2026 22:42:02,-3.6,160.0,km,RJ-73-DF-1223,DRV742,160.0,RJ73DF1223,2026-08-06 19:06:02,,Negative transit time or arrival before departure,Exclude from transit average KPIs
TRP009391,MANDI021,WH-East,04/08/2026 13:38,05/08/2026,-20.7,1006.1,km,DL19-DF-5878,DRV345,1006.1,DL19DF5878,,,Negative transit time or arrival before departure,Exclude from transit average KPIs
TRP002997,MANDI051,WH-North,08/08/2026 10:32,2026-08-09 06:14:03,-19.7,1045.6,km,PB-43-AB-6380,DRV676,1045.6,PB43AB6380,,,Negative transit time or arrival before departure,Exclude from transit average KPIs
TRP000432,MANDI047,WH-West,02/01/2026 16:35,01-03-2026 01:41 PM,-21.1,555.3813997999999,miles,hr 26-BC-1700,,893.7975019541319,HR26BC1700,,,Negative transit time or arrival before departure,Exclude from transit average KPIs
TRP003938,MANDI022,WH-Central,2026-04-10 08:58:41,11/04/2026 06:22,-21.4,1276.8,km,pb 54-DF-5776,DRV742,1276.8,PB54DF5776,,2026-11-04 06:22:00,Negative transit time or arrival before departure,Exclude from transit average KPIs
TRP006569,MANDI055,WH-East,2026-03-27 04:07:21,27-Mar-2026 23:31:21,-19.4,813.2,km,PB-66-DF-8391,DRV301,813.2,PB66DF8391,,,Negative transit time or arrival before departure,Exclude from transit average KPIs
TRP003922,MANDI050,Export-Terminal,28/04/2026 14:19,2026-04-29T09:49:24,-19.5,1044.4,km,,DRV452,1044.4,,,,Negative transit time or arrival before departure,Exclude from transit average KPIs
TRP005562,MANDI049,Export-Terminal,25/05/2026,2026-05-26 00:32:28,-22.9,1185.4,km,DL-78-BC-5995,DRV934,1185.4,DL78BC5995,,,Negative transit time or arrival before departure,Exclude from transit average KPIs
TRP001195,MANDI042,WH-West,15-May-2026 05:18:44,16-May-2026 01:06:44,-19.8,551.2182141000001,miles,UP-33-BC-5758,DRV851,887.0975206796941,UP33BC5758,,,Negative transit time or arrival before departure,Exclude from transit average KPIs
TRP008317,MANDI022,WH-East,06/01/2026 07:10,06/01/2026 13:10,-6.0,269.1 KM,,dl 75-DF-9225,DRV871,,DL75DF9225,,2026-06-01 13:10:00,Negative transit time or arrival before departure,Exclude from transit average KPIs
TRP003334,MANDI012,WH-West,2026-09-01 06:34:51,,-9.5,424.5,km,hr 71-AB-3139,DRV211,424.5,HR71AB3139,,,Negative transit time or arrival before departure,Exclude from transit average KPIs
TRP001316,MANDI007,WH-East,07/09/2026,,-7.1,367.6,km,PB-14-CD-1247,DRV769,367.6,PB14CD1247,,,Negative transit time or arrival before departure,Exclude from transit average KPIs
TRP001607,MANDI030,WH-East,2026-09-07 02:05:31,,-13.0,350.8260666,miles,UP-18-BC-7289,DRV477,564.598422022044,UP18BC7289,,,Negative transit time or arrival before departure,Exclude from transit average KPIs
TRP007875,MANDI037,WH-North,11/07/2026,12/07/2026 03:46,-6.3,309.1,km,,DRV473,309.1,,,2026-12-07 03:46:00,Negative transit time or arrival before departure,Exclude from transit average KPIs
TRP003205,MANDI035,WH-West,26-Apr-2026 06:02:03,,-18.7,1086.7,km,,DRV250,1086.7,,,,Negative transit time or arrival before departure,Exclude from transit average KPIs
TRP001796,MANDI017,WH-West,01/08/2026,01/08/2026 13:35,-5.0,212.2,km,PB-23-BC-1410,DRV877,212.2,PB23BC1410,,2026-01-08 13:35:00,Negative transit time or arrival before departure,Exclude from transit average KPIs
TRP009305,MANDI003,WH-North,2026-08-26T08:08:40,08-26-2026 10:26 AM,-2.3,104.9,km,UP-25-BC-9550,DRV136,104.9,UP25BC9550,2026-08-26 08:08:40,,Negative transit time or arrival before departure,Exclude from transit average KPIs
TRP005235,MANDI007,Export-Terminal,21/02/2026 02:54,21/02/2026,-17.8,558.9853516000001,miles,,DRV783,899.597485743944,,,,Negative transit time or arrival before departure,Exclude from transit average KPIs
TRP002535,MANDI005,WH-North,2026-09-04 05:41:29,04-Sep-2026 20:59:29,-15.3,709.8,km,RJ-74-BC-4950,DRV740,709.8,RJ74BC4950,,,Negative transit time or arrival before departure,Exclude from transit average KPIs
TRP007606,MANDI051,WH-Central,2026-03-01T01:17:03,03-01-2026 08:53 PM,-19.6,868.8 KM,,UP 75 AB 1831,DRV902,,UP75AB1831,2026-03-01 01:17:03,,Negative transit time or arrival before departure,Exclude from transit average KPIs
TRP000253,MANDI021,WH-South,29/01/2026 09:58,,-23.0,1091.8,km,,DRV253,1091.8,,,,Negative transit time or arrival before departure,Exclude from transit average KPIs
TRP002408,MANDI014,WH-North,2026-07-21 14:08:13,2026-07-21T18:02:13,-3.9,222.6,km,,DRV830,222.6,,,,Negative transit time or arrival before departure,Exclude from transit average KPIs
TRP006309,MANDI002,WH-East,20/07/2026 04:06,20/07/2026 12:00,-7.9,356.3,km,PB-27-AB-5548,DRV794,356.3,PB27AB5548,,,Negative transit time or arrival before departure,Exclude from transit average KPIs
TRP003929,MANDI035,WH-West,2026-05-04T13:37:00,05-May-2026 10:01:00,-20.4,931.3,km,,DRV890,931.3,,2026-05-04 13:37:00,,Negative transit time or arrival before departure,Exclude from transit average KPIs
TRP008273,MANDI003,WH-Central,31-Jul-2026 08:08:52,01/08/2026,-18.6,618.264145,miles,PB-14-CD-9592,DRV873,994.9972191142999,PB14CD9592,,,Negative transit time or arrival before departure,Exclude from transit average KPIs
TRP007108,MANDI056,WH-Central,07-Mar-2026 09:19:01,03-07-2026 09:13 PM,-11.9,401.7784886,miles,PB74-AB-6839,DRV683,646.598192843524,PB74AB6839,,,Negative transit time or arrival before departure,Exclude from transit average KPIs
TRP006128,MANDI008,WH-West,2026-09-02T23:48:38,03-Sep-2026 08:12:38,-8.4,265.1390057,miles,RJ 93 AB 2056,DRV392,426.69880743323796,RJ93AB2056,2026-09-02 23:48:38,,Negative transit time or arrival before departure,Exclude from transit average KPIs
TRP009186,MANDI021,WH-East,11-Jun-2026 04:59:47,11-Jun-2026 09:23:47,-4.4,195.4,km,dl 16-BC-4733,DRV134,195.4,DL16BC4733,,,Negative transit time or arrival before departure,Exclude from transit average KPIs
TRP009701,MANDI011,Export-Terminal,14/04/2026 03:43,14/04/2026 10:13,-6.5,378.8,km,DL-46-AB-3822,DRV888,378.8,DL46AB3822,,,Negative transit time or arrival before departure,Exclude from transit average KPIs
TRP006104,MANDI003,WH-South,01-12-2026 04:33 PM,13-Jan-2026 10:09:10,-17.6,928.9,km,up 84-DF-3545,DRV205,928.9,UP84DF3545,,,Negative transit time or arrival before departure,Exclude from transit average KPIs
TRP005480,MANDI026,Export-Terminal,08-22-2026 07:50 AM,2026-08-22 22:38:29,-14.8,800.3,km,RJ 11 AB 9921,DRV611,800.3,RJ11AB9921,,,Negative transit time or arrival before departure,Exclude from transit average KPIs
TRP006351,MANDI011,WH-North,22/02/2026 04:43,22/02/2026 10:25,-5.7,234.3,km,,,234.3,,,,Negative transit time or arrival before departure,Exclude from transit average KPIs
TRP003533,MANDI004,WH-South,2026-05-21 06:28:42,21/05/2026,-4.3,245.0,km,UP-93-CD-5040,DRV918,245.0,UP93CD5040,,,Negative transit time or arrival before departure,Exclude from transit average KPIs
TRP007790,MANDI018,WH-East,12-Feb-2026 06:22:58,12-Feb-2026 18:16:58,-11.9,503.2,km,DL-40-DF-1612,DRV688,503.2,DL40DF1612,,,Negative transit time or arrival before departure,Exclude from transit average KPIs
TRP006015,MANDI028,WH-East,2026-08-06T08:03:56,07/08/2026 00:15,16.2,475.1002666,miles,RJ-97-CD-2631,DRV480,764.597863050044,RJ97CD2631,2026-08-06 08:03:56,2026-07-08 00:15:00,Negative transit time or arrival before departure,Exclude from transit average KPIs
TRP000020,MANDI036,WH-Central,2026-07-04T11:40:47,04/07/2026 15:46,,222.9,km,hr 76-DF-7435,DRV124,222.9,HR76DF7435,2026-07-04 11:40:47,2026-04-07 15:46:00,Negative transit time or arrival before departure,Exclude from transit average KPIs
TRP003061,MANDI036,WH-South,24/07/2026,2026-07-25T02:48:53,-22.6,1185.0,km,hr 72-BC-4676,DRV575,1185.0,HR72BC4676,,,Negative transit time or arrival before departure,Exclude from transit average KPIs
TRP008056,MANDI024,Export-Terminal,2026-01-01 06:35:21,01-01-2026 09:53 PM,-15.3,789.2,km,UP-11-AB-2079,DRV178,789.2,UP11AB2079,,,Negative transit time or arrival before departure,Exclude from transit average KPIs
TRP002448,MANDI004,WH-South,2026-09-01T09:19:01,01/09/2026 19:19,10.0,520.9,km,PB-94-DF-2616,DRV428,520.9,PB94DF2616,2026-09-01 09:19:01,2026-01-09 19:19:00,Negative transit time or arrival before departure,Exclude from transit average KPIs
TRP000621,MANDI034,WH-South,22-Mar-2026 04:05:04,2026-03-22 11:41:04,-7.6,327.2,km,RJ 47 AB 5980,,327.2,RJ47AB5980,,,Negative transit time or arrival before departure,Exclude from transit average KPIs
TRP006281,MANDI020,WH-West,02/06/2026 23:50,06-03-2026 06:20 PM,-18.5,883.6,km,UP-20-AB-8620,DRV876,883.6,UP20AB8620,,,Negative transit time or arrival before departure,Exclude from transit average KPIs
TRP009609,MANDI028,WH-East,07/01/2026,2026-01-07T15:57:44,-15.6,858.0,km,dl 13-CD-8116,,858.0,DL13CD8116,,,Negative transit time or arrival before departure,Exclude from transit average KPIs
TRP003724,MANDI044,WH-East,2026-03-11 17:28:10,03-12-2026 02:28 AM,-9.0,533.8,km,RJ-34-DF-2517,DRV399,533.8,RJ34DF2517,,,Negative transit time or arrival before departure,Exclude from transit average KPIs
TRP004044,MANDI003,Export-Terminal,27/04/2026,2026-04-27T19:57:30,-16.9,801.2,km,UP30-BC-6196,DRV124,801.2,UP30BC6196,,,Negative transit time or arrival before departure,Exclude from transit average KPIs
TRP002125,MANDI013,WH-West,2026-09-03T06:32:12,03/09/2026 12:14,,336.4,km,up 88-BC-5026,,336.4,UP88BC5026,2026-09-03 06:32:12,2026-03-09 12:14:00,Negative transit time or arrival before departure,Exclude from transit average KPIs
TRP006180,MANDI029,Export-Terminal,03/08/2026 00:34,03-Aug-2026 19:46:45,-19.2,846.2,km,HR-16-DF-5719,DRV694,846.2,HR16DF5719,,,Negative transit time or arrival before departure,Exclude from transit average KPIs
TRP000713,MANDI044,WH-East,2026-07-01T08:06:57,02/07/2026 04:30,20.4,680.0284224000001,miles,HR-42-AB-6719,DRV842,1094.3969413052162,HR42AB6719,2026-07-01 08:06:57,2026-02-07 04:30:00,Negative transit time or arrival before departure,Exclude from transit average KPIs
TRP003299,MANDI041,Export-Terminal,12/06/2026 01:59,13/06/2026 00:41,-22.7,1062.1,km,,,1062.1,,,,Negative transit time or arrival before departure,Exclude from transit average KPIs
TRP001659,MANDI009,WH-Central,20-Aug-2026 15:29:35,20/08/2026 19:47,-4.3,131.9170633,miles,DL88-DF-9968,,212.299406651222,DL88DF9968,,,Negative transit time or arrival before departure,Exclude from transit average KPIs
TRP003854,MANDI018,WH-Central,05/09/2026 21:35,2026-09-06 04:23:06,-6.8,306.0 KM,,up 64-CD-1032,DRV752,,UP64CD1032,,,Negative transit time or arrival before departure,Exclude from transit average KPIs
TRP008030,MANDI020,WH-West,03/07/2026 08:40,,-18.3,925.2,km,UP-16-DF-5624,DRV523,925.2,UP16DF5624,,,Negative transit time or arrival before departure,Exclude from transit average KPIs
TRP004844,MANDI025,WH-North,05-20-2026 12:42 PM,05-21-2026 03:00 AM,-14.3,806.6,km,UP51-AB-9380,DRV896,806.6,UP51AB9380,,,Negative transit time or arrival before departure,Exclude from transit average KPIs
TRP001495,MANDI051,WH-West,10/06/2026 03:30,2026-06-10T13:24:57,-9.9,543.9,km,,DRV619,543.9,,,,Negative transit time or arrival before departure,Exclude from transit average KPIs
TRP006386,MANDI016,WH-South,22/01/2026,23/01/2026,-19.6,947.1,km,RJ-18-DF-7653,DRV726,947.1,RJ18DF7653,,,Negative transit time or arrival before departure,Exclude from transit average KPIs
TRP007054,MANDI035,WH-Central,19/06/2026,2026-06-20 03:37:27,-15.0,614.2,km,DL-27-CD-2144,DRV258,614.2,DL27CD2144,,,Negative transit time or arrival before departure,Exclude from transit average KPIs
TRP005270,MANDI042,WH-North,2026-03-12 01:23:09,2026-03-12 08:23:09,-7.0,377.5,km,dl 26-CD-7062,DRV640,377.5,DL26CD7062,,,Negative transit time or arrival before departure,Exclude from transit average KPIs
TRP007541,MANDI012,WH-South,2026-09-02T08:42:52,02/09/2026 21:30,,359.773809,miles,pb 53-AB-6049,DRV532,578.99838177606,PB53AB6049,2026-09-02 08:42:52,2026-02-09 21:30:00,Negative transit time or arrival before departure,Exclude from transit average KPIs
TRP008442,MANDI002,WH-West,18-Feb-2026 08:05:59,19-Feb-2026 03:47:59,-19.7,985.6,km,HR 30 BC 2683,DRV112,985.6,HR30BC2683,,,Negative transit time or arrival before departure,Exclude from transit average KPIs
TRP000711,MANDI037,WH-South,2026-07-05 06:50:50,07-05-2026 03:20 PM,-8.5,466.0,km,HR-67-AB-7005,,466.0,HR67AB7005,,,Negative transit time or arrival before departure,Exclude from transit average KPIs
TRP002120,MANDI036,WH-South,2026-07-05T05:09:46,05/07/2026 23:27,18.3,968.6,km,,,968.6,,2026-07-05 05:09:46,2026-05-07 23:27:00,Negative transit time or arrival before departure,Exclude from transit average KPIs
TRP006188,MANDI026,WH-East,2026-03-04 09:40:56,04/03/2026 11:46,-2.1,57.2282691,miles,HR-23-DF-6752,DRV945,92.099742593394,HR23DF6752,,2026-04-03 11:46:00,Negative transit time or arrival before departure,Exclude from transit average KPIs
TRP001350,MANDI010,WH-Central,2026-09-03T03:05:40,03/09/2026 17:05,-14.0,624.6,km,HR-75-BC-3138,DRV164,624.6,HR75BC3138,2026-09-03 03:05:40,2026-03-09 17:05:00,Negative transit time or arrival before departure,Exclude from transit average KPIs
TRP007471,MANDI041,WH-South,02-10-2026 07:43 AM,2026-02-11T03:13:32,-19.5,879.4,km,,DRV758,879.4,,,,Negative transit time or arrival before departure,Exclude from transit average KPIs
TRP009461,MANDI026,Export-Terminal,07-May-2026 12:59:10,08/05/2026 00:35,-11.6,470.1,km,DL 33 BC 2256,,470.1,DL33BC2256,,2026-08-05 00:35:00,Negative transit time or arrival before departure,Exclude from transit average KPIs
TRP004129,MANDI051,WH-South,04/07/2026 15:22,2026-07-05T12:58:42,-21.6,1079.3,km,,,1079.3,,,,Negative transit time or arrival before departure,Exclude from transit average KPIs
TRP001738,MANDI044,WH-Central,05/08/2026,2026-08-06 14:42:09,-21.2,1101.1,km,hr 95-BC-5790,,1101.1,HR95BC5790,,,Negative transit time or arrival before departure,Exclude from transit average KPIs
TRP009574,MANDI010,WH-East,08-04-2026 07:13 PM,05/08/2026,-16.5,676.7,km,pb 64-BC-7969,DRV158,676.7,PB64BC7969,,,Negative transit time or arrival before departure,Exclude from transit average KPIs
TRP003210,MANDI005,WH-South,2026-08-31T10:04:06,01/09/2026 09:28,23.4,1215.2,km,DL-50-CD-8371,DRV584,1215.2,DL50CD8371,2026-08-31 10:04:06,2026-01-09 09:28:00,Negative transit time or arrival before departure,Exclude from transit average KPIs
TRP004973,MANDI053,Export-Terminal,26/06/2026 09:14,,-4.6,209.1 KM,,RJ 77 DF 4120,DRV293,,RJ77DF4120,,,Negative transit time or arrival before departure,Exclude from transit average KPIs
TRP000767,MANDI019,WH-East,2026-04-14T11:50:16,04-14-2026 03:32 PM,-3.7,190.5,km,,,190.5,,2026-04-14 11:50:16,,Negative transit time or arrival before departure,Exclude from transit average KPIs
TRP001145,MANDI006,WH-West,12-Jun-2026 14:45:43,12-Jun-2026 23:21:43,-8.6,360.0,km,RJ-32-BC-3908,DRV483,360.0,RJ32BC3908,,,Negative transit time or arrival before departure,Exclude from transit average KPIs
TRP003048,MANDI024,WH-East,11/06/2026 10:30,11/06/2026 15:18,-4.8,199.2,km,,DRV887,199.2,,,2026-11-06 15:18:00,Negative transit time or arrival before departure,Exclude from transit average KPIs
TRP008824,MANDI015,WH-West,10/07/2026 22:29,11/07/2026,-2.3,101.2,km,pb 44-DF-9979,DRV163,101.2,PB44DF9979,,,Negative transit time or arrival before departure,Exclude from transit average KPIs
TRP008293,MANDI037,WH-Central,27/02/2026,2026-02-28 10:06:48,-21.8,889.9 KM,,UP37-BC-2677,DRV883,,UP37BC2677,,,Negative transit time or arrival before departure,Exclude from transit average KPIs
TRP002046,MANDI038,WH-East,09/06/2026 09:48,2026-06-09T23:48:43,-14.0,825.3,km,,DRV812,825.3,,,,Negative transit time or arrival before departure,Exclude from transit average KPIs
TRP005088,MANDI057,WH-West,22/02/2026,22/02/2026 22:51,-22.0,1267.9,km,PB-39-BC-8534,DRV377,1267.9,PB39BC8534,,,Negative transit time or arrival before departure,Exclude from transit average KPIs
TRP008135,MANDI039,WH-South,2026-09-04T13:48:19,04/09/2026 19:54,6.1,354.2,km,,DRV441,354.2,,2026-09-04 13:48:19,2026-04-09 19:54:00,Negative transit time or arrival before departure,Exclude from transit average KPIs
TRP003140,MANDI013,WH-West,30/04/2026,01/05/2026,-14.6,847.6 KM,,,DRV556,,,,,Negative transit time or arrival before departure,Exclude from transit average KPIs
TRP003725,MANDI007,WH-East,01-19-2026 12:36 PM,2026-01-20 06:24:17,-17.8,842.9,km,up 99-CD-5539,DRV252,842.9,UP99CD5539,,,Negative transit time or arrival before departure,Exclude from transit average KPIs
TRP000060,MANDI043,WH-East,07-02-2026 08:51 PM,2026-07-03 16:51:25,-20.0,613.293177,miles,pb 51-AB-9125,DRV643,986.99724147318,PB51AB9125,,,Negative transit time or arrival before departure,Exclude from transit average KPIs
TRP009000,MANDI056,WH-North,20/07/2026,20-Jul-2026 20:04:28,-11.0,471.3,km,UP72-AB-3304,DRV332,471.3,UP72AB3304,,,Negative transit time or arrival before departure,Exclude from transit average KPIs
TRP004904,MANDI045,WH-North,2026-02-19 09:55:52,2026-02-19 17:43:52,-7.8,325.6,km,HR-44-CD-4654,,325.6,HR44CD4654,,,Negative transit time or arrival before departure,Exclude from transit average KPIs
TRP009969,MANDI006,WH-East,29-May-2026 20:10:41,30-May-2026 13:10:41,-17.0,802.2,km,DL89-DF-7794,DRV524,802.2,DL89DF7794,,,Negative transit time or arrival before departure,Exclude from transit average KPIs
TRP009368,MANDI017,WH-South,2026-09-06T00:34:09,06/09/2026 13:52,13.3,348.9619536,miles,UP59-DF-2448,DRV475,561.5984304066241,UP59DF2448,2026-09-06 00:34:09,2026-06-09 13:52:00,Negative transit time or arrival before departure,Exclude from transit average KPIs
TRP005921,MANDI036,WH-West,2026-01-29T06:43:30,29-Jan-2026 11:31:30,-4.8,285.4,km,HR-85-DF-4525,DRV388,285.4,HR85DF4525,2026-01-29 06:43:30,,Negative transit time or arrival before departure,Exclude from transit average KPIs
TRP003551,MANDI035,Export-Terminal,31-Aug-2026 00:21:03,2026-08-31T23:21:03,-23.0,1163.7 KM,,RJ-77-BC-3173,DRV559,,RJ77BC3173,,,Negative transit time or arrival before departure,Exclude from transit average KPIs
TRP005314,MANDI055,WH-North,2026-08-08 15:57:18,08-Aug-2026 23:39:18,-7.7,326.8,km,RJ-67-CD-4759,DRV182,326.8,RJ67CD4759,,,Negative transit time or arrival before departure,Exclude from transit average KPIs
TRP000773,MANDI040,WH-South,18/05/2026,19-May-2026 04:08:20,-12.5,592.8,km,pb 87-AB-5828,DRV448,592.8,PB87AB5828,,,Negative transit time or arrival before departure,Exclude from transit average KPIs
TRP003376,MANDI034,WH-West,28/08/2026 08:58,,-16.5,915.3,km,RJ 21 DF 4785,DRV921,915.3,RJ21DF4785,,,Negative transit time or arrival before departure,Exclude from transit average KPIs
TRP009281,MANDI005,Export-Terminal,2026-08-08 09:19:07,09-Aug-2026 00:37:07,-15.3,678.3,km,UP70-AB-6744,,678.3,UP70AB6744,,,Negative transit time or arrival before departure,Exclude from transit average KPIs
TRP009117,MANDI027,WH-Central,04-Aug-2026 04:07:18,2026-08-04 07:01:18,-2.9,149.5,km,RJ56-BC-9716,DRV848,149.5,RJ56BC9716,,,Negative transit time or arrival before departure,Exclude from transit average KPIs
TRP001478,MANDI028,WH-North,2026-08-24 06:44:05,2026-08-24 16:32:05,-9.8,491.0,km,dl 63-BC-9102,DRV948,491.0,DL63BC9102,,,Negative transit time or arrival before departure,Exclude from transit average KPIs
TRP002334,MANDI028,WH-West,2026-01-02 19:37:05,2026-01-03 03:55:05,-8.3,353.8,km,RJ-60-AB-1922,DRV144,353.8,RJ60AB1922,,,Negative transit time or arrival before departure,Exclude from transit average KPIs
TRP009241,MANDI047,WH-Central,23/07/2026 15:46,24/07/2026 09:34,-17.8,835.3,km,UP 43 CD 6271,DRV942,835.3,UP43CD6271,,,Negative transit time or arrival before departure,Exclude from transit average KPIs
TRP005385,MANDI017,WH-Central,2026-01-20T10:52:32,20-Jan-2026 19:52:32,-9.0,455.8,km,dl 50-CD-9504,DRV173,455.8,DL50CD9504,2026-01-20 10:52:32,,Negative transit time or arrival before departure,Exclude from transit average KPIs
TRP009959,MANDI036,Export-Terminal,22-Apr-2026 16:21:39,2026-04-23 10:15:39,-17.9,510.3941394,miles,dl 59-BC-8097,DRV788,821.397704301996,DL59BC8097,,,Negative transit time or arrival before departure,Exclude from transit average KPIs
TRP001457,MANDI012,WH-East,2026-03-10 09:33:09,2026-03-10 12:15:09,-2.7,113.7,km,PB-23-BC-1165,DRV714,113.7,PB23BC1165,,,Negative transit time or arrival before departure,Exclude from transit average KPIs
TRP007048,MANDI038,WH-West,2026-01-20T15:51:09,21/01/2026 03:39,-11.8,623.9,km,rj 86-AB-3710,DRV801,623.9,RJ86AB3710,2026-01-20 15:51:09,,Negative transit time or arrival before departure,Exclude from transit average KPIs
TRP004340,MANDI027,WH-West,20-Jun-2026 17:10:58,2026-06-21T09:16:58,-16.1,724.0,km,pb 48-AB-5641,DRV665,724.0,PB48AB5641,,,Negative transit time or arrival before departure,Exclude from transit average KPIs
TRP006028,MANDI040,WH-Central,27/07/2026 15:42,2026-07-28T09:24:54,-17.7,825.8,km,up 67-DF-4313,DRV777,825.8,UP67DF4313,,,Negative transit time or arrival before departure,Exclude from transit average KPIs
TRP000619,MANDI039,WH-North,26/08/2026 11:57,27/08/2026 02:15,-14.3,797.8,km,,DRV335,797.8,,,,Negative transit time or arrival before departure,Exclude from transit average KPIs
TRP005713,MANDI025,Export-Terminal,06-11-2026 06:36 AM,2026-06-11T09:30:49,-2.9,140.4,km,DL-66-BC-5235,DRV767,140.4,DL66BC5235,,,Negative transit time or arrival before departure,Exclude from transit average KPIs
TRP008668,MANDI038,WH-North,06-07-2026 08:34 PM,08/06/2026 14:16,-17.7,867.6 KM,,HR-83-BC-9865,DRV388,,HR83BC9865,,2026-08-06 14:16:00,Negative transit time or arrival before departure,Exclude from transit average KPIs
TRP007922,MANDI037,WH-North,21-Jun-2026 12:09:06,2026-06-22T09:27:06,-21.3,733.1556429000001,miles,UP 77 BC 7125,DRV491,1179.8967023446862,UP77BC7125,,,Negative transit time or arrival before departure,Exclude from transit average KPIs
TRP009931,MANDI026,WH-East,2026-02-08 00:06:56,02-08-2026 09:42 PM,-21.6,914.7,km,DL 34 BC 4466,DRV164,914.7,DL34BC4466,,,Negative transit time or arrival before departure,Exclude from transit average KPIs
TRP007679,MANDI007,WH-South,2026-03-24 13:55:56,24/03/2026 21:19,-7.4,389.2,km,,DRV650,389.2,,,,Negative transit time or arrival before departure,Exclude from transit average KPIs
TRP001431,MANDI031,WH-Central,02-Apr-2026 22:39:38,,-18.1,913.5,km,,DRV756,913.5,,,,Negative transit time or arrival before departure,Exclude from transit average KPIs
TRP009450,MANDI034,Export-Terminal,12/06/2026,13/06/2026,-19.9,1123.0,km,RJ-34-DF-4491,DRV725,1123.0,RJ34DF4491,,,Negative transit time or arrival before departure,Exclude from transit average KPIs
TRP004505,MANDI010,WH-South,2026-07-06T05:00:55,06/07/2026 08:24,3.4,178.7,km,RJ-84-CD-6610,DRV202,178.7,RJ84CD6610,2026-07-06 05:00:55,2026-06-07 08:24:00,Negative transit time or arrival before departure,Exclude from transit average KPIs
TRP000863,MANDI055,Export-Terminal,01/05/2026,01/05/2026 13:15,-11.4,668.7,km,DL-70-BC-5314,DRV939,668.7,DL70BC5314,,2026-01-05 13:15:00,Negative transit time or arrival before departure,Exclude from transit average KPIs
TRP009774,MANDI011,WH-South,2026-09-08T04:43:32,08/09/2026 14:25,9.7,312.0525162,miles,HR-78-CD-5913,DRV454,502.198596421308,HR78CD5913,2026-09-08 04:43:32,2026-08-09 14:25:00,Negative transit time or arrival before departure,Exclude from transit average KPIs
TRP001018,MANDI012,WH-West,22/02/2026 10:24,02-22-2026 07:18 PM,-8.9,370.5,km,UP-38-AB-6814,DRV990,370.5,UP38AB6814,,,Negative transit time or arrival before departure,Exclude from transit average KPIs
TRP002708,MANDI034,Export-Terminal,03-Jun-2026 20:05:11,2026-06-04T12:47:11,-16.7,827.0,km,,DRV936,827.0,,,,Negative transit time or arrival before departure,Exclude from transit average KPIs
TRP002374,MANDI036,WH-West,2026-06-01T06:54:35,02/06/2026 05:24,22.5,1098.8,km,dl 86-CD-7300,,1098.8,DL86CD7300,2026-06-01 06:54:35,2026-02-06 05:24:00,Negative transit time or arrival before departure,Exclude from transit average KPIs
TRP009765,MANDI055,WH-Central,2026-08-12 20:39:27,2026-08-13 06:51:27,-10.2,540.5 KM,,DL33-BC-9979,DRV942,,DL33BC9979,,,Negative transit time or arrival before departure,Exclude from transit average KPIs
TRP003170,MANDI039,WH-South,17-Jan-2026 10:52:08,18/01/2026 09:40,-22.8,1338.1,km,,DRV832,1338.1,,,,Negative transit time or arrival before departure,Exclude from transit average KPIs
TRP005107,MANDI012,WH-South,2026-05-08T09:03:21,08-May-2026 21:45:21,-12.7,624.4,km,UP 53 CD 7130,,624.4,UP53CD7130,2026-05-08 09:03:21,,Negative transit time or arrival before departure,Exclude from transit average KPIs
TRP009496,MANDI021,WH-West,01-10-2026 12:38 AM,10/01/2026 05:26,-4.8,264.1,km,PB-66-AB-2068,DRV915,264.1,PB66AB2068,,2026-10-01 05:26:00,Negative transit time or arrival before departure,Exclude from transit average KPIs
TRP000835,MANDI037,WH-North,28/06/2026 17:37,,-22.8,1129.6,km,HR 22 CD 5296,DRV933,1129.6,HR22CD5296,,,Negative transit time or arrival before departure,Exclude from transit average KPIs
TRP006132,MANDI008,Export-Terminal,04/07/2026,05/07/2026,-4.9,209.2,km,UP11-BC-3669,DRV282,209.2,UP11BC3669,,,Negative transit time or arrival before departure,Exclude from transit average KPIs
TRP004899,MANDI048,WH-South,30/05/2026 04:08,30-May-2026 21:56:51,-17.8,981.4,km,PB-88-DF-6113,DRV958,981.4,PB88DF6113,,,Negative transit time or arrival before departure,Exclude from transit average KPIs
TRP006625,MANDI046,WH-North,2026-05-12 13:13:31,12/05/2026,-8.8,371.8,km,,DRV503,371.8,,,,Negative transit time or arrival before departure,Exclude from transit average KPIs
TRP003785,MANDI052,WH-North,2026-07-27 21:41:34,2026-07-28 06:29:34,-8.8,310.1884032,miles,,DRV191,499.19860480588795,,,,Negative transit time or arrival before departure,Exclude from transit average KPIs
TRP008210,MANDI022,WH-West,05/08/2026 09:37,05/08/2026 20:37,-11.0,551.7 KM,,rj 17-CD-7474,DRV352,,RJ17CD7474,,2026-05-08 20:37:00,Negative transit time or arrival before departure,Exclude from transit average KPIs
TRP006880,MANDI009,WH-Central,2026-01-10T00:23:06,2026-01-10 09:17:06,-8.9,443.9,km,PB-11-CD-4218,DRV892,443.9,PB11CD4218,2026-01-10 00:23:06,,Negative transit time or arrival before departure,Exclude from transit average KPIs
TRP006420,MANDI022,WH-East,25/06/2026 04:20,26/06/2026 02:20,-22.0,1201.8,km,PB-44-AB-4134,DRV843,1201.8,PB44AB4134,,,Negative transit time or arrival before departure,Exclude from transit average KPIs
TRP002836,MANDI027,WH-South,06-Jun-2026 02:33:17,,-12.6,609.2,km,UP-57-DF-5507,DRV447,609.2,UP57DF5507,,,Negative transit time or arrival before departure,Exclude from transit average KPIs
TRP004005,MANDI044,Export-Terminal,04-18-2026 10:33 AM,2026-04-19 02:57:33,-16.4,867.5,km,up 20-CD-4515,DRV652,867.5,UP20CD4515,,,Negative transit time or arrival before departure,Exclude from transit average KPIs
TRP002103,MANDI039,WH-East,03-26-2026 03:15 PM,03-27-2026 05:27 AM,-14.2,623.0,km,RJ99-DF-5385,DRV829,623.0,RJ99DF5385,,,Negative transit time or arrival before departure,Exclude from transit average KPIs
TRP001177,MANDI051,WH-East,09/02/2026 08:41,2026-02-09T14:35:42,-5.9,251.9,km,RJ-38-DF-8787,DRV725,251.9,RJ38DF8787,,,Negative transit time or arrival before departure,Exclude from transit average KPIs
TRP009110,MANDI021,WH-Central,01-01-2026 07:17 AM,2026-01-02 06:59:39,-23.7,796.4733477999999,miles,dl 60-AB-2414,DRV256,1281.796417548452,DL60AB2414,,,Negative transit time or arrival before departure,Exclude from transit average KPIs
TRP000080,MANDI002,Export-Terminal,2026-04-16 10:27:52,16/04/2026 23:33,-13.1,678.8 KM,,RJ 44 CD 2954,DRV248,,RJ44CD2954,,,Negative transit time or arrival before departure,Exclude from transit average KPIs
TRP003150,MANDI021,WH-West,2026-03-14 20:02:08,15/03/2026 15:26,-19.4,1094.7,km,dl 60-DF-6476,DRV115,1094.7,DL60DF6476,,,Negative transit time or arrival before departure,Exclude from transit average KPIs
TRP007702,MANDI029,WH-East,2026-04-25T06:13:12,2026-04-25 18:07:12,-11.9,693.0,km,pb 41-CD-2898,DRV821,693.0,PB41CD2898,2026-04-25 06:13:12,,Negative transit time or arrival before departure,Exclude from transit average KPIs
TRP008404,MANDI029,WH-West,18/02/2026 10:34,02-18-2026 06:04 PM,-7.5,435.3,km,PB-57-DF-8334,DRV243,435.3,PB57DF8334,,,Negative transit time or arrival before departure,Exclude from transit average KPIs
TRP000333,MANDI003,WH-North,06/05/2026 00:17,06/05/2026 14:53,-14.6,835.8,km,up 46-DF-2641,DRV381,835.8,UP46DF2641,,2026-06-05 14:53:00,Negative transit time or arrival before departure,Exclude from transit average KPIs
TRP007548,MANDI056,WH-Central,2026-07-05T19:42:59,06/07/2026 04:00,8.3,334.2,km,RJ 16 AB 4479,DRV648,334.2,RJ16AB4479,2026-07-05 19:42:59,2026-06-07 04:00:00,Negative transit time or arrival before departure,Exclude from transit average KPIs
TRP002730,MANDI046,WH-South,02/04/2026,02/04/2026 07:36,-5.0,214.0,km,PB-91-CD-3826,DRV920,214.0,PB91CD3826,,2026-02-04 07:36:00,Negative transit time or arrival before departure,Exclude from transit average KPIs
TRP009457,MANDI031,WH-Central,10/08/2026 19:11,10/08/2026 22:35,-3.4,146.7,km,,DRV511,146.7,,,2026-10-08 22:35:00,Negative transit time or arrival before departure,Exclude from transit average KPIs
TRP007415,MANDI023,WH-East,01-Apr-2026 11:56:54,04-02-2026 06:20 AM,-18.4,951.9,km,HR-11-AB-7263,DRV485,951.9,HR11AB7263,,,Negative transit time or arrival before departure,Exclude from transit average KPIs
TRP000197,MANDI035,WH-Central,07-23-2026 05:04 PM,2026-07-23 19:40:26,-2.6,111.8,km,,DRV633,111.8,,,,Negative transit time or arrival before departure,Exclude from transit average KPIs
TRP009742,MANDI025,WH-West,21-Apr-2026 00:18:23,21/04/2026 05:36,-5.3,271.2,km,RJ-83-DF-3505,,271.2,RJ83DF3505,,,Negative transit time or arrival before departure,Exclude from transit average KPIs
TRP004280,MANDI051,WH-East,19/07/2026 19:09,,-2.5,101.7,km,RJ-19-CD-7137,DRV180,101.7,RJ19CD7137,,,Negative transit time or arrival before departure,Exclude from transit average KPIs
TRP003525,MANDI022,WH-South,28/02/2026 04:38,28-Feb-2026 14:20:51,-9.7,551.8,km,UP85-DF-2146,DRV942,551.8,UP85DF2146,,,Negative transit time or arrival before departure,Exclude from transit average KPIs
TRP007020,MANDI002,WH-West,2026-05-08 19:53:13,2026-05-09T10:29:13,-14.6,540.9655926,miles,UP-95-AB-1463,DRV310,870.5975667948841,UP95AB1463,,,Negative transit time or arrival before departure,Exclude from transit average KPIs
TRP006299,MANDI035,WH-North,2026-07-01 03:49:03,2026-07-02T03:37:03,-23.8,1216.7,km,PB-19-CD-5504,DRV926,1216.7,PB19CD5504,,,Negative transit time or arrival before departure,Exclude from transit average KPIs
TRP005350,MANDI012,WH-South,2026-04-23 01:32:20,23-Apr-2026 03:56:20,-2.4,59.7758902,miles,,,96.199731134468,,,,Negative transit time or arrival before departure,Exclude from transit average KPIs
TRP003298,MANDI003,WH-East,11/03/2026 03:39,03-12-2026 02:57 AM,-23.3,1190.0,km,PB30-DF-7938,DRV834,1190.0,PB30DF7938,,,Negative transit time or arrival before departure,Exclude from transit average KPIs
TRP009888,MANDI035,WH-North,19/05/2026 05:44,05-19-2026 01:20 PM,-7.6,311.6,km,UP-76-AB-3379,DRV152,311.6,UP76AB3379,,,Negative transit time or arrival before departure,Exclude from transit average KPIs
TRP008658,MANDI055,WH-West,08-27-2026 07:56 PM,28/08/2026 13:08,-17.2,886.0,km,,DRV178,886.0,,,,Negative transit time or arrival before departure,Exclude from transit average KPIs
TRP006070,MANDI020,Export-Terminal,20/04/2026 21:23,21/04/2026 11:53,-14.5,676.1,km,,DRV657,676.1,,,,Negative transit time or arrival before departure,Exclude from transit average KPIs
TRP001840,MANDI024,WH-East,24/02/2026,02-24-2026 10:16 PM,-15.8,898.9,km,rj 11-DF-6654,DRV724,898.9,RJ11DF6654,,,Negative transit time or arrival before departure,Exclude from transit average KPIs
TRP005171,MANDI006,Export-Terminal,02/02/2026 12:40,02-02-2026 08:10 PM,-7.5,428.4,km,PB-28-CD-3499,DRV284,428.4,PB28CD3499,,,Negative transit time or arrival before departure,Exclude from transit average KPIs
TRP004304,MANDI007,WH-North,03-31-2026 03:02 PM,2026-03-31 19:20:38,-4.3,192.4,km,,,192.4,,,,Negative transit time or arrival before departure,Exclude from transit average KPIs
TRP002355,MANDI053,WH-West,2026-02-27 03:54:03,02-27-2026 02:30 PM,-10.6,516.9,km,DL94-BC-1804,DRV624,516.9,DL94BC1804,,,Negative transit time or arrival before departure,Exclude from transit average KPIs
TRP008870,MANDI026,WH-South,05-10-2026 01:01 AM,10/05/2026 15:43,-14.7,770.6 KM,,HR88-DF-7902,DRV534,,HR88DF7902,,2026-10-05 15:43:00,Negative transit time or arrival before departure,Exclude from transit average KPIs
TRP001173,MANDI009,WH-West,2026-08-10 16:46:06,11/08/2026,-15.8,786.9,km,DL-64-AB-6482,,786.9,DL64AB6482,,,Negative transit time or arrival before departure,Exclude from transit average KPIs
TRP009867,MANDI041,WH-West,2026-07-07 14:17:32,07-08-2026 05:23 AM,-15.1,503.9940181,miles,dl 45-AB-8745,DRV915,811.097733089054,DL45AB8745,,,Negative transit time or arrival before departure,Exclude from transit average KPIs
TRP006587,MANDI055,Export-Terminal,04-25-2026 09:28 AM,2026-04-25 16:58:23,-7.5,411.7,km,up 31-AB-9009,DRV407,411.7,UP31AB9009,,,Negative transit time or arrival before departure,Exclude from transit average KPIs
TRP009952,MANDI023,WH-South,2026-05-18T16:59:53,2026-05-19T05:41:53,-12.7,437.0102243,miles,RJ-65-DF-2451,DRV431,703.298034374962,RJ65DF2451,2026-05-18 16:59:53,,Negative transit time or arrival before departure,Exclude from transit average KPIs
TRP005251,MANDI028,Export-Terminal,05-Apr-2026 13:22:30,,-11.2,332.86844470000005,miles,PB-40-AB-7658,DRV344,535.698502793498,PB40AB7658,,,Negative transit time or arrival before departure,Exclude from transit average KPIs
TRP004639,MANDI050,Export-Terminal,18/06/2026,2026-06-19T02:18:06,-19.2,894.7,km,DL-64-CD-8556,,894.7,DL64CD8556,,,Negative transit time or arrival before departure,Exclude from transit average KPIs
TRP004211,MANDI015,Export-Terminal,22-Jul-2026 08:50:35,,-21.1,882.5,km,DL-60-BC-8136,DRV801,882.5,DL60BC8136,,,Negative transit time or arrival before departure,Exclude from transit average KPIs
TRP008493,MANDI051,WH-East,07/02/2026,,-14.5,654.1,km,PB-16-AB-1903,DRV298,654.1,PB16AB1903,,,Negative transit time or arrival before departure,Exclude from transit average KPIs
TRP003796,MANDI053,WH-North,2026-05-31T20:39:43,01/06/2026 13:03,16.4,940.8,km,pb 20-CD-4976,DRV318,940.8,PB20CD4976,2026-05-31 20:39:43,2026-01-06 13:03:00,Negative transit time or arrival before departure,Exclude from transit average KPIs
TRP000152,MANDI022,Export-Terminal,19/04/2026 20:20,2026-04-20T16:56:28,-20.6,707.5551577,miles,,DRV341,1138.696817492918,,,,Negative transit time or arrival before departure,Exclude from transit average KPIs
TRP006214,MANDI045,WH-West,2026-02-24 23:54:56,25/02/2026,-14.6,780.0,km,UP 44 CD 4101,DRV902,780.0,UP44CD4101,,,Negative transit time or arrival before departure,Exclude from transit average KPIs
TRP007655,MANDI055,WH-South,07-26-2026 11:29 PM,27/07/2026 05:29,-6.0,280.5,km,,DRV633,280.5,,,,Negative transit time or arrival before departure,Exclude from transit average KPIs
TRP006388,MANDI036,Export-Terminal,2026-02-03T23:33:49,2026-02-04 19:09:49,-19.6,873.6,km,DL 59 DF 8039,DRV512,873.6,DL59DF8039,2026-02-03 23:33:49,,Negative transit time or arrival before departure,Exclude from transit average KPIs
TRP006799,MANDI030,WH-East,02/09/2026 19:12,,-12.8,423.7128849,miles,DL-72-DF-2678,DRV690,681.898094184966,DL72DF2678,,,Negative transit time or arrival before departure,Exclude from transit average KPIs
TRP001466,MANDI002,WH-East,2026-03-17 09:46:48,17-Mar-2026 23:16:48,-13.5,638.0,km,,DRV245,638.0,,,,Negative transit time or arrival before departure,Exclude from transit average KPIs
TRP008922,MANDI023,WH-East,30/05/2026 00:41,2026-05-30 21:35:31,-20.9,1033.9,km,DL46-CD-4482,DRV536,1033.9,DL46CD4482,,,Negative transit time or arrival before departure,Exclude from transit average KPIs
TRP000438,MANDI005,WH-North,03-May-2026 01:21:28,03/05/2026 21:03,-19.7,558.8610774,miles,RJ-80-AB-2814,DRV168,899.397486302916,RJ80AB2814,,2026-03-05 21:03:00,Negative transit time or arrival before departure,Exclude from transit average KPIs
TRP002707,MANDI041,WH-South,26-May-2026 02:10:43,27-May-2026 02:04:43,-23.9,1165.6,km,UP-10-CD-1793,,1165.6,UP10CD1793,,,Negative transit time or arrival before departure,Exclude from transit average KPIs
TRP008583,MANDI015,WH-North,13/08/2026,2026-08-14 12:46:08,-14.4,609.5,km,PB-75-CD-2391,,609.5,PB75CD2391,,,Negative transit time or arrival before departure,Exclude from transit average KPIs
TRP004623,MANDI044,WH-East,2026-04-14 08:28:02,14/04/2026 20:58,-12.5,449.1890959,miles,UP-17-BC-9533,DRV766,722.8979795957059,UP17BC9533,,,Negative transit time or arrival before departure,Exclude from transit average KPIs
TRP007440,MANDI040,Export-Terminal,03-06-2026 05:30 AM,2026-03-06T08:24:17,-2.9,85.1899641,miles,UP-85-DF-7734,DRV328,137.09961682469398,UP85DF7734,,,Negative transit time or arrival before departure,Exclude from transit average KPIs
TRP001408,MANDI029,WH-Central,04/07/2026,,-3.8,187.1,km,DL33-CD-8462,DRV277,187.1,DL33CD8462,,,Negative transit time or arrival before departure,Exclude from transit average KPIs
TRP008143,MANDI025,Export-Terminal,08-23-2026 04:55 AM,08-23-2026 02:37 PM,-9.7,446.5,km,HR-61-BC-2329,DRV179,446.5,HR61BC2329,,,Negative transit time or arrival before departure,Exclude from transit average KPIs
TRP008212,MANDI031,WH-South,2026-07-01T12:28:04,02/07/2026,-12.1,488.7 KM,,DL-49-BC-8686,DRV573,,DL49BC8686,2026-07-01 12:28:04,,Negative transit time or arrival before departure,Exclude from transit average KPIs
TRP009595,MANDI020,WH-Central,2026-06-13 00:30:16,06-13-2026 05:00 PM,-16.5,745.6,km,PB-95-DF-4463,DRV123,745.6,PB95DF4463,,,Negative transit time or arrival before departure,Exclude from transit average KPIs
TRP002299,MANDI037,WH-West,14/03/2026 12:34,15/03/2026 07:10,-18.6,1025.4,km,HR51-BC-7418,DRV603,1025.4,HR51BC7418,,,Negative transit time or arrival before departure,Exclude from transit average KPIs
TRP002645,MANDI028,WH-Central,2026-01-19T08:57:02,2026-01-19 14:45:02,-5.8,255.2,km,HR-77-AB-6841,DRV381,255.2,HR77AB6841,2026-01-19 08:57:02,,Negative transit time or arrival before departure,Exclude from transit average KPIs
TRP005490,MANDI050,WH-North,25-Jun-2026 05:48:52,2026-06-25 20:54:52,-15.1,827.0,km,RJ-81-BC-2047,,827.0,RJ81BC2047,,,Negative transit time or arrival before departure,Exclude from transit average KPIs
TRP006609,MANDI015,WH-West,2026-08-05T15:47:34,06/08/2026 05:41,13.9,506.6037763,miles,,,815.297721350642,,2026-08-05 15:47:34,2026-06-08 05:41:00,Negative transit time or arrival before departure,Exclude from transit average KPIs
TRP001336,MANDI035,WH-Central,07/07/2026 15:16,08-Jul-2026 10:34:01,-19.3,898.0,km,RJ-62-CD-8005,DRV993,898.0,RJ62CD8005,,,Negative transit time or arrival before departure,Exclude from transit average KPIs
TRP002918,MANDI012,Export-Terminal,2026-03-01T21:04:25,02/03/2026 18:40,21.6,956.3 KM,,PB 95 DF 3813,DRV760,,PB95DF3813,2026-03-01 21:04:25,2026-02-03 18:40:00,Negative transit time or arrival before departure,Exclude from transit average KPIs
TRP009584,MANDI018,WH-North,02/08/2026 11:53,,-8.9,517.5,km,UP-24-CD-8720,DRV222,517.5,UP24CD8720,,,Negative transit time or arrival before departure,Exclude from transit average KPIs
TRP000325,MANDI010,WH-South,29/08/2026 19:16,30-Aug-2026 16:10:21,-20.9,902.3,km,UP-45-CD-6265,DRV656,902.3,UP45CD6265,,,Negative transit time or arrival before departure,Exclude from transit average KPIs
TRP003202,MANDI028,WH-West,29/08/2026 12:32,29/08/2026 20:50,-8.3,472.4 KM,,HR-86-CD-2322,DRV651,,HR86CD2322,,,Negative transit time or arrival before departure,Exclude from transit average KPIs
TRP007037,MANDI004,WH-West,04-Apr-2026 05:56:42,2026-04-04T11:44:42,-5.8,171.43625889999998,miles,pb 26-AB-1171,DRV881,275.89922889812595,PB26AB1171,,,Negative transit time or arrival before departure,Exclude from transit average KPIs
TRP001371,MANDI013,WH-Central,2026-05-01 07:36:19,2026-05-02 04:30:19,-20.9,1189.8,km,PB 40 BC 3093,DRV161,1189.8,PB40BC3093,,,Negative transit time or arrival before departure,Exclude from transit average KPIs
TRP007614,MANDI030,WH-West,15-May-2026 12:23:28,05-15-2026 11:29 PM,-11.1,588.6,km,RJ-96-AB-8066,DRV335,588.6,RJ96AB8066,,,Negative transit time or arrival before departure,Exclude from transit average KPIs
TRP004970,MANDI024,WH-West,18-Jan-2026 07:53:52,19/01/2026 04:05,-20.2,905.8,km,pb 32-CD-3857,DRV850,905.8,PB32CD3857,,,Negative transit time or arrival before departure,Exclude from transit average KPIs
TRP007607,MANDI031,WH-West,24/05/2026,05-24-2026 03:55 PM,-8.1,463.4,km,dl 50-DF-8326,DRV142,463.4,DL50DF8326,,,Negative transit time or arrival before departure,Exclude from transit average KPIs
TRP000685,MANDI057,WH-South,18/01/2026 18:15,2026-01-18T21:39:23,-3.4,202.2,km,PB-60-AB-8079,DRV834,202.2,PB60AB8079,,,Negative transit time or arrival before departure,Exclude from transit average KPIs
TRP009401,MANDI008,WH-East,01-04-2026 03:11 AM,,-13.0,473.9817988,miles,RJ-26-AB-4496,,762.797868080792,RJ26AB4496,,,Negative transit time or arrival before departure,Exclude from transit average KPIs
TRP000850,MANDI056,WH-Central,2026-02-25T19:47:17,25-Feb-2026 23:23:17,-3.6,181.6,km,UP-53-CD-6924,DRV657,181.6,UP53CD6924,2026-02-25 19:47:17,,Negative transit time or arrival before departure,Exclude from transit average KPIs
TRP008701,MANDI052,WH-Central,09/09/2026,10/09/2026,-15.8,473.85752460000003,miles,PB 61 AB 3709,DRV712,762.597868639764,PB61AB3709,,,Negative transit time or arrival before departure,Exclude from transit average KPIs
TRP003504,MANDI018,WH-West,2026-01-03 17:19:02,2026-01-04T08:19:02,-15.0,684.9,km,UP-34-DF-8453,DRV411,684.9,UP34DF8453,,,Negative transit time or arrival before departure,Exclude from transit average KPIs
TRP002706,MANDI045,WH-North,2026-05-02T02:29:02,,-21.5,1074.6,km,DL-24-BC-4762,DRV368,1074.6,DL24BC4762,2026-05-02 02:29:02,,Negative transit time or arrival before departure,Exclude from transit average KPIs
TRP007751,MANDI040,WH-East,2026-08-24T17:52:31,2026-08-25T01:58:31,-8.1,436.0,km,,,436.0,,2026-08-24 17:52:31,,Negative transit time or arrival before departure,Exclude from transit average KPIs
TRP000589,MANDI005,WH-North,04-14-2026 04:53 AM,2026-04-14T19:17:20,-14.4,616.6,km,hr 14-CD-1570,DRV771,616.6,HR14CD1570,,,Negative transit time or arrival before departure,Exclude from transit average KPIs
TRP004686,MANDI007,Export-Terminal,06-08-2026 05:13 PM,2026-06-08 23:07:41,-5.9,334.5,km,DL-86-DF-2818,DRV131,334.5,DL86DF2818,,,Negative transit time or arrival before departure,Exclude from transit average KPIs
TRP005919,MANDI054,WH-West,2026-02-03 14:48:12,02-03-2026 10:24 PM,-7.6,218.6604549,miles,HR 69 AB 8100,DRV758,351.899016488766,HR69AB8100,,,Negative transit time or arrival before departure,Exclude from transit average KPIs
TRP006720,MANDI022,WH-North,2026-04-20 21:16:30,20-Apr-2026 23:28:30,-2.2,127.3,km,UP-25-CD-7038,DRV635,127.3,UP25CD7038,,,Negative transit time or arrival before departure,Exclude from transit average KPIs
TRP009780,MANDI004,WH-South,17/08/2026,2026-08-17 17:49:03,-4.2,147.8241609,miles,,DRV137,237.89933510280602,,,,Negative transit time or arrival before departure,Exclude from transit average KPIs
TRP006831,MANDI038,WH-East,05/04/2026,2026-04-05T16:38:30,-8.9,369.7 KM,,UP-29-BC-4520,DRV542,,UP29BC4520,,,Negative transit time or arrival before departure,Exclude from transit average KPIs
TRP005970,MANDI017,WH-South,2026-09-07T22:05:44,09-08-2026 01:53 AM,-3.8,188.2 KM,,dl 69-DF-6386,DRV270,,DL69DF6386,2026-09-07 22:05:44,,Negative transit time or arrival before departure,Exclude from transit average KPIs
TRP001212,MANDI004,WH-Central,2026-08-05T22:03:04,06/08/2026 18:21,20.3,725.0156828,miles,PB 56 CD 5369,DRV430,1166.796738957352,PB56CD5369,2026-08-05 22:03:04,2026-06-08 18:21:00,Negative transit time or arrival before departure,Exclude from transit average KPIs
TRP004477,MANDI048,WH-South,2026-01-17T15:47:53,18/01/2026 11:17,-19.5,947.0,km,RJ 86 DF 9771,,947.0,RJ86DF9771,2026-01-17 15:47:53,,Negative transit time or arrival before departure,Exclude from transit average KPIs
TRP001293,MANDI027,WH-North,05-30-2026 07:05 PM,,-17.5,942.7 KM,,RJ-15-CD-1413,DRV628,,RJ15CD1413,,,Negative transit time or arrival before departure,Exclude from transit average KPIs
TRP005980,MANDI057,WH-South,2026-08-05T02:01:57,05/08/2026,-10.2,537.3,km,HR 55 BC 6929,DRV831,537.3,HR55BC6929,2026-08-05 02:01:57,,Negative transit time or arrival before departure,Exclude from transit average KPIs
TRP003347,MANDI056,WH-East,2026-05-08 18:56:33,09/05/2026 09:50,-14.9,653.6 KM,,DL85-AB-8835,DRV414,,DL85AB8835,,2026-09-05 09:50:00,Negative transit time or arrival before departure,Exclude from transit average KPIs
TRP000171,MANDI039,WH-South,2026-05-02T13:12:12,02/05/2026 18:18,5.1,260.3,km,DL89-CD-4843,DRV239,260.3,DL89CD4843,2026-05-02 13:12:12,2026-02-05 18:18:00,Negative transit time or arrival before departure,Exclude from transit average KPIs
TRP002757,MANDI050,WH-East,07-29-2026 12:48 PM,2026-07-30 01:00:02,-12.2,719.7,km,,DRV974,719.7,,,,Negative transit time or arrival before departure,Exclude from transit average KPIs
TRP007795,MANDI042,Export-Terminal,01-19-2026 09:57 AM,01-19-2026 04:45 PM,-6.8,288.3,km,,DRV879,288.3,,,,Negative transit time or arrival before departure,Exclude from transit average KPIs
TRP005844,MANDI031,Export-Terminal,05/08/2026 00:41,08-06-2026 12:05 AM,-23.4,1184.2,km,,,1184.2,,,,Negative transit time or arrival before departure,Exclude from transit average KPIs
TRP008148,MANDI049,WH-North,07/02/2026 00:04,2026-02-07T04:58:22,-4.9,199.4,km,,DRV156,199.4,,,,Negative transit time or arrival before departure,Exclude from transit average KPIs
TRP006058,MANDI025,WH-South,17/01/2026 03:44,01-17-2026 10:50 PM,-19.1,1102.3,km,dl 99-BC-8914,DRV440,1102.3,DL99BC8914,,,Negative transit time or arrival before departure,Exclude from transit average KPIs
TRP004536,MANDI036,WH-North,2026-01-21 17:04:20,22/01/2026 08:40,-15.6,711.2,km,DL 52 CD 9129,DRV622,711.2,DL52CD9129,,,Negative transit time or arrival before departure,Exclude from transit average KPIs
TRP006652,MANDI053,WH-South,2026-06-25 07:44:43,2026-06-25 10:14:43,-2.5,116.8,km,,DRV501,116.8,,,,Negative transit time or arrival before departure,Exclude from transit average KPIs
TRP000185,MANDI011,WH-North,08-Jan-2026 09:20:45,09/01/2026 06:32,-21.2,1185.5,km,PB 14 BC 8291,,1185.5,PB14BC8291,,2026-09-01 06:32:00,Negative transit time or arrival before departure,Exclude from transit average KPIs
TRP002078,MANDI001,Export-Terminal,2026-06-07 20:47:04,2026-06-08 19:17:04,-22.5,1311.9,km,pb 18-BC-5762,DRV838,1311.9,PB18BC5762,,,Negative transit time or arrival before departure,Exclude from transit average KPIs
TRP003951,MANDI011,WH-West,2026-08-20 13:34:40,21-Aug-2026 06:40:40,-17.1,744.3,km,DL-25-CD-3399,DRV466,744.3,DL25CD3399,,,Negative transit time or arrival before departure,Exclude from transit average KPIs
TRP009302,MANDI057,WH-North,2026-08-07 05:43:38,2026-08-07T16:01:38,-10.3,288.7511037,miles,UP-35-DF-4564,DRV335,464.698701228558,UP35DF4564,,,Negative transit time or arrival before departure,Exclude from transit average KPIs
TRP009360,MANDI009,WH-West,2026-07-10T02:00:10,10-Jul-2026 10:42:10,-8.7,458.6,km,HR-86-AB-3035,DRV794,458.6,HR86AB3035,2026-07-10 02:00:10,,Negative transit time or arrival before departure,Exclude from transit average KPIs
TRP003365,MANDI009,WH-Central,02/01/2026 12:02,03-Jan-2026 02:56:55,-14.9,889.5,km,UP 33 AB 5085,DRV218,889.5,UP33AB5085,,,Negative transit time or arrival before departure,Exclude from transit average KPIs
TRP003067,MANDI029,WH-North,16/06/2026,17/06/2026 08:25,-20.3,727.9361265,miles,HR-37-CD-8409,,1171.49672582151,HR37CD8409,,,Negative transit time or arrival before departure,Exclude from transit average KPIs
TRP008457,MANDI026,WH-West,14-Feb-2026 20:35:07,02-15-2026 06:35 AM,-10.0,582.6,km,,DRV586,582.6,,,,Negative transit time or arrival before departure,Exclude from transit average KPIs
TRP005225,MANDI038,WH-Central,02-17-2026 04:30 AM,18-Feb-2026 01:06:52,-20.6,863.0,km,,DRV785,863.0,,,,Negative transit time or arrival before departure,Exclude from transit average KPIs
TRP008584,MANDI005,WH-West,17-Mar-2026 06:04:07,17/03/2026 09:22,-3.3,195.3,km,DL85-AB-5556,,195.3,DL85AB5556,,,Negative transit time or arrival before departure,Exclude from transit average KPIs
TRP000809,MANDI026,WH-East,02-25-2026 12:59 PM,02-25-2026 09:29 PM,-8.5,448.8,km,PB-62-BC-1661,DRV505,448.8,PB62BC1661,,,Negative transit time or arrival before departure,Exclude from transit average KPIs
TRP008537,MANDI027,WH-North,2026-04-05 15:47:14,2026-04-06T13:53:14,-22.1,1057.5 KM,,up 36-CD-3555,DRV682,,UP36CD3555,,,Negative transit time or arrival before departure,Exclude from transit average KPIs
TRP005971,MANDI027,WH-West,2026-02-01T16:32:30,02/02/2026 08:14,-15.7,768.2,km,RJ23-CD-8545,DRV751,768.2,RJ23CD8545,2026-02-01 16:32:30,2026-02-02 08:14:00,Negative transit time or arrival before departure,Exclude from transit average KPIs
TRP002398,MANDI005,Export-Terminal,08/07/2026 03:24,08/07/2026 15:48,-12.4,690.3,km,dl 31-AB-7856,DRV672,690.3,DL31AB7856,,2026-08-07 15:48:00,Negative transit time or arrival before departure,Exclude from transit average KPIs
TRP002846,MANDI035,WH-West,2026-04-01T23:35:20,02/04/2026 13:11,13.6,720.6,km,PB 73 AB 5152,,720.6,PB73AB5152,2026-04-01 23:35:20,2026-02-04 13:11:00,Negative transit time or arrival before departure,Exclude from transit average KPIs
TRP001002,MANDI035,WH-West,11/07/2026,,-9.7,468.7,km,rj 51-DF-3635,DRV140,468.7,RJ51DF3635,,,Negative transit time or arrival before departure,Exclude from transit average KPIs
TRP009464,MANDI026,WH-North,2026-08-29 14:37:43,30/08/2026 03:19,-12.7,563.3,km,HR38-BC-3168,DRV173,563.3,HR38BC3168,,,Negative transit time or arrival before departure,Exclude from transit average KPIs
TRP007851,MANDI029,WH-West,15/07/2026 15:36,16/07/2026,-11.6,584.0,km,UP-81-CD-6391,DRV174,584.0,UP81CD6391,,,Negative transit time or arrival before departure,Exclude from transit average KPIs
TRP003581,MANDI044,WH-West,12-May-2026 17:28:24,13-May-2026 04:10:24,-10.7,620.9,km,UP31-CD-3426,,620.9,UP31CD3426,,,Negative transit time or arrival before departure,Exclude from transit average KPIs
TRP008494,MANDI011,WH-North,04/05/2026 19:11,,-21.8,1106.5,km,pb 10-DF-2651,DRV392,1106.5,PB10DF2651,,,Negative transit time or arrival before departure,Exclude from transit average KPIs
TRP002186,MANDI053,WH-South,09-Feb-2026 10:14:52,02-10-2026 05:56 AM,-19.7,1069.7,km,HR-29-AB-2388,DRV428,1069.7,HR29AB2388,,,Negative transit time or arrival before departure,Exclude from transit average KPIs
TRP006659,MANDI022,WH-Central,2026-06-06T03:10:31,06/06/2026 20:28,-17.3,951.5,km,UP-54-CD-5586,DRV392,951.5,UP54CD5586,2026-06-06 03:10:31,2026-06-06 20:28:00,Negative transit time or arrival before departure,Exclude from transit average KPIs
TRP009868,MANDI013,WH-North,01/01/2026,2026-01-02 15:09:08,-19.4,924.3,km,,DRV578,924.3,,,,Negative transit time or arrival before departure,Exclude from transit average KPIs
TRP007745,MANDI030,Export-Terminal,23-Jul-2026 23:53:54,24/07/2026,-11.2,667.7,km,hr 36-CD-3890,DRV151,667.7,HR36CD3890,,,Negative transit time or arrival before departure,Exclude from transit average KPIs
TRP006071,MANDI057,WH-North,07/02/2026 18:28,2026-02-07T23:34:01,-5.1,227.1,km,RJ-66-DF-2892,DRV163,227.1,RJ66DF2892,,,Negative transit time or arrival before departure,Exclude from transit average KPIs
TRP007801,MANDI011,WH-North,2026-09-05T12:43:35,06/09/2026 03:13,14.5,391.58800420000006,miles,DL 76 BC 5873,,630.1982386792281,DL76BC5873,2026-09-05 12:43:35,2026-06-09 03:13:00,Negative transit time or arrival before departure,Exclude from transit average KPIs
TRP006110,MANDI006,WH-South,09/02/2026 08:43,02-09-2026 07:19 PM,-10.6,532.2,km,pb 66-CD-7096,DRV762,532.2,PB66CD7096,,,Negative transit time or arrival before departure,Exclude from transit average KPIs
TRP009900,MANDI001,WH-Central,03-17-2026 12:33 PM,18/03/2026,-18.0,1015.3,km,,DRV493,1015.3,,,,Negative transit time or arrival before departure,Exclude from transit average KPIs
TRP008606,MANDI022,Export-Terminal,2026-08-06T00:11:15,,-4.3,173.9 KM,,UP47-AB-7202,,,UP47AB7202,2026-08-06 00:11:15,,Negative transit time or arrival before departure,Exclude from transit average KPIs
TRP008865,MANDI024,Export-Terminal,05/07/2026 18:41,05/07/2026,-5.0,291.3,km,rj 99-AB-7378,DRV347,291.3,RJ99AB7378,,,Negative transit time or arrival before departure,Exclude from transit average KPIs
TRP001800,MANDI003,WH-North,27/03/2026 23:04,2026-03-28T09:34:05,-10.5,593.7 KM,,pb 81-BC-5600,DRV288,,PB81BC5600,,,Negative transit time or arrival before departure,Exclude from transit average KPIs
TRP004205,MANDI025,WH-East,2026-09-01T15:44:20,,-15.4,877.0,km,UP 17 AB 7543,DRV904,877.0,UP17AB7543,2026-09-01 15:44:20,,Negative transit time or arrival before departure,Exclude from transit average KPIs
TRP001974,MANDI050,WH-North,2026-05-23 15:25:27,2026-05-24T07:01:27,-15.6,850.7,km,,DRV836,850.7,,,,Negative transit time or arrival before departure,Exclude from transit average KPIs
TRP001880,MANDI053,WH-North,26/04/2026 11:23,2026-04-26 16:05:54,-4.7,201.5,km,PB-42-AB-1316,DRV257,201.5,PB42AB1316,,,Negative transit time or arrival before departure,Exclude from transit average KPIs
TRP001943,MANDI045,Export-Terminal,08-Jan-2026 00:30:53,2026-01-08 19:12:53,-18.7,763.9,km,RJ 60 AB 2338,,763.9,RJ60AB2338,,,Negative transit time or arrival before departure,Exclude from transit average KPIs
TRP005193,MANDI019,WH-Central,06-29-2026 10:26 PM,06-30-2026 12:44 AM,-2.3,95.1,km,UP-29-BC-7227,DRV546,95.1,UP29BC7227,,,Negative transit time or arrival before departure,Exclude from transit average KPIs
TRP002790,MANDI002,WH-North,2026-01-30 08:20:32,2026-01-31T02:56:32,-18.6,1110.7,km,,DRV498,1110.7,,,,Negative transit time or arrival before departure,Exclude from transit average KPIs
TRP003256,MANDI013,WH-Central,2026-08-25T11:46:16,08-26-2026 01:46 AM,-14.0,613.2,km,UP-26-DF-5617,,613.2,UP26DF5617,2026-08-25 11:46:16,,Negative transit time or arrival before departure,Exclude from transit average KPIs
TRP005163,MANDI037,WH-East,2026-08-25 18:10:57,2026-08-26 03:28:57,-9.3,496.1,km,RJ-18-DF-5586,DRV475,496.1,RJ18DF5586,,,Negative transit time or arrival before departure,Exclude from transit average KPIs
TRP004750,MANDI019,WH-West,25/01/2026 22:41,2026-01-26 07:17:19,-8.6,504.6,km,RJ-77-DF-4843,DRV421,504.6,RJ77DF4843,,,Negative transit time or arrival before departure,Exclude from transit average KPIs
TRP002905,MANDI020,Export-Terminal,05-Feb-2026 11:01:21,06/02/2026,-16.6,799.7,km,HR-90-BC-7320,DRV262,799.7,HR90BC7320,,,Negative transit time or arrival before departure,Exclude from transit average KPIs
TRP004595,MANDI044,Export-Terminal,2026-08-03 02:35:39,03-Aug-2026 16:29:39,-13.9,738.8,km,RJ-84-BC-7987,DRV721,738.8,RJ84BC7987,,,Negative transit time or arrival before departure,Exclude from transit average KPIs
TRP006245,MANDI019,WH-East,28/04/2026 12:45,29/04/2026,-18.3,870.5,km,PB81-BC-5063,DRV471,870.5,PB81BC5063,,,Negative transit time or arrival before departure,Exclude from transit average KPIs
TRP003348,MANDI047,WH-Central,08-31-2026 02:50 AM,31-Aug-2026 13:56:47,-11.1,534.8,km,RJ-20-BC-6780,,534.8,RJ20BC6780,,,Negative transit time or arrival before departure,Exclude from transit average KPIs
TRP009431,MANDI028,WH-North,19-Jan-2026 18:01:09,2026-01-19T23:25:09,-5.4,302.4 KM,,PB-24-BC-6708,DRV940,,PB24BC6708,,,Negative transit time or arrival before departure,Exclude from transit average KPIs
TRP004934,MANDI010,WH-Central,2026-08-20 12:06:47,2026-08-20 15:48:47,-3.7,181.3,km,rj 46-BC-8871,DRV610,181.3,RJ46BC8871,,,Negative transit time or arrival before departure,Exclude from transit average KPIs
TRP006142,MANDI034,WH-North,2026-03-29 22:36:25,,-4.4,251.2,km,,DRV110,251.2,,,,Negative transit time or arrival before departure,Exclude from transit average KPIs
TRP008900,MANDI020,WH-Central,2026-08-19T07:09:08,08-20-2026 12:15 AM,-17.1,921.8,km,,DRV944,921.8,,2026-08-19 07:09:08,,Negative transit time or arrival before departure,Exclude from transit average KPIs
TRP009026,MANDI003,WH-South,04-24-2026 04:52 PM,24/04/2026 21:34,-4.7,157.5175485,miles,UP-38-BC-1705,DRV472,253.49929150299002,UP38BC1705,,,Negative transit time or arrival before departure,Exclude from transit average KPIs
TRP004954,MANDI051,WH-South,06/05/2026,05-07-2026 02:24 PM,-16.9,745.5,km,RJ 70 DF 9214,DRV993,745.5,RJ70DF9214,,,Negative transit time or arrival before departure,Exclude from transit average KPIs
TRP008684,MANDI023,WH-South,02-Sep-2026 17:52:59,03-Sep-2026 00:28:59,-6.6,276.3,km,UP 81 DF 3567,,276.3,UP81DF3567,,,Negative transit time or arrival before departure,Exclude from transit average KPIs
TRP001289,MANDI031,WH-West,01-Feb-2026 05:53:17,,-7.5,374.9 KM,,,,,,,,Negative transit time or arrival before departure,Exclude from transit average KPIs
TRP005168,MANDI017,WH-East,2026-05-12T21:34:35,05-13-2026 09:52 AM,-12.3,389.41320570000005,miles,,DRV762,626.6982484612382,,2026-05-12 21:34:35,,Negative transit time or arrival before departure,Exclude from transit average KPIs
TRP008508,MANDI039,WH-Central,20/07/2026 08:43,20/07/2026,-14.6,875.8,km,DL-84-DF-9763,DRV550,875.8,DL84DF9763,,,Negative transit time or arrival before departure,Exclude from transit average KPIs
TRP002371,MANDI011,WH-South,2026-03-02 11:41:59,2026-03-02 20:17:59,-8.6,419.3 KM,,DL-30-BC-3900,DRV307,,DL30BC3900,,,Negative transit time or arrival before departure,Exclude from transit average KPIs
TRP008970,MANDI050,WH-West,2026-08-01T10:54:24,02/08/2026 10:42,,1050.1,km,RJ-42-AB-7607,,1050.1,RJ42AB7607,2026-08-01 10:54:24,2026-02-08 10:42:00,Negative transit time or arrival before departure,Exclude from transit average KPIs
TRP009799,MANDI021,WH-Central,01-31-2026 11:24 PM,,-2.6,127.8 KM,,PB-35-AB-2127,,,PB35AB2127,,,Negative transit time or arrival before departure,Exclude from transit average KPIs
TRP007406,MANDI018,WH-South,2026-03-25T10:42:11,2026-03-25T21:54:11,-11.2,533.1,km,HR-50-CD-3764,DRV471,533.1,HR50CD3764,2026-03-25 10:42:11,,Negative transit time or arrival before departure,Exclude from transit average KPIs
TRP002943,MANDI043,WH-North,07-10-2026 07:11 PM,11-Jul-2026 14:53:37,-19.7,807.6,km,RJ-27-BC-5163,DRV160,807.6,RJ27BC5163,,,Negative transit time or arrival before departure,Exclude from transit average KPIs
TRP008406,MANDI002,WH-North,2026-09-08 11:45:14,2026-09-09 01:33:14,-13.8,789.3,km,,,789.3,,,,Negative transit time or arrival before departure,Exclude from transit average KPIs
TRP000803,MANDI040,WH-Central,2026-07-15 13:01:39,2026-07-16T04:01:39,-15.0,454.2843381,miles,RJ-71-DF-2991,DRV700,731.097956677854,RJ71DF2991,,,Negative transit time or arrival before departure,Exclude from transit average KPIs
TRP009617,MANDI057,WH-South,23-Jan-2026 10:56:36,,-23.8,1087.3,km,,DRV361,1087.3,,,,Negative transit time or arrival before departure,Exclude from transit average KPIs
TRP002069,MANDI036,Export-Terminal,04/05/2026 15:40,2026-05-05T01:58:35,-10.3,538.4,km,HR-62-AB-4714,DRV409,538.4,HR62AB4714,,,Negative transit time or arrival before departure,Exclude from transit average KPIs
TRP002367,MANDI016,Export-Terminal,18/08/2026 16:49,08-19-2026 07:49 AM,-15.0,866.9,km,,DRV301,866.9,,,,Negative transit time or arrival before departure,Exclude from transit average KPIs
TRP005486,MANDI016,WH-West,2026-03-30T07:36:44,2026-03-30 21:12:44,-13.6,376.42655179999997,miles,DL-51-CD-7707,DRV574,605.7983068738121,DL51CD7707,2026-03-30 07:36:44,,Negative transit time or arrival before departure,Exclude from transit average KPIs
TRP005529,MANDI027,Export-Terminal,07-16-2026 03:31 AM,2026-07-16T06:31:54,-3.0,152.1,km,dl 88-DF-4787,DRV946,152.1,DL88DF4787,,,Negative transit time or arrival before departure,Exclude from transit average KPIs
TRP000176,MANDI004,WH-South,08/09/2026 22:29,09-09-2026 12:59 PM,-14.5,740.0 KM,,HR-59-CD-2242,DRV216,,HR59CD2242,,,Negative transit time or arrival before departure,Exclude from transit average KPIs
TRP008138,MANDI029,WH-East,2026-08-02T04:44:43,02/08/2026 12:26,,311.2,km,UP 48 AB 8659,DRV447,311.2,UP48AB8659,2026-08-02 04:44:43,2026-02-08 12:26:00,Negative transit time or arrival before departure,Exclude from transit average KPIs
TRP009857,MANDI002,Export-Terminal,2026-09-02T07:59:12,03/09/2026 02:05,18.1,783.0,km,pb 73-AB-3317,,783.0,PB73AB3317,2026-09-02 07:59:12,2026-03-09 02:05:00,Negative transit time or arrival before departure,Exclude from transit average KPIs
TRP009955,MANDI026,WH-North,24/04/2026 05:13,,-6.8,348.6,km,,DRV896,348.6,,,,Negative transit time or arrival before departure,Exclude from transit average KPIs
TRP006164,MANDI025,WH-South,2026-07-10 11:00:09,2026-07-11 02:24:09,-15.4,635.4,km,DL47-BC-3888,DRV785,635.4,DL47BC3888,,,Negative transit time or arrival before departure,Exclude from transit average KPIs
TRP003952,MANDI015,WH-Central,2026-06-15 14:19:09,15/06/2026 21:01,-6.7,370.6,km,,DRV182,370.6,,,,Negative transit time or arrival before departure,Exclude from transit average KPIs
TRP006044,MANDI013,WH-East,10-Apr-2026 05:10:53,2026-04-11 04:10:53,-23.0,990.2,km,,DRV225,990.2,,,,Negative transit time or arrival before departure,Exclude from transit average KPIs
TRP003251,MANDI032,WH-South,05-19-2026 04:38 AM,19/05/2026,-14.1,645.3 KM,,UP88-BC-5323,DRV817,,UP88BC5323,,,Negative transit time or arrival before departure,Exclude from transit average KPIs
TRP008665,MANDI016,WH-West,04-25-2026 10:27 AM,25/04/2026 21:51,-11.4,531.5,km,HR-22-CD-3586,,531.5,HR22CD3586,,,Negative transit time or arrival before departure,Exclude from transit average KPIs
TRP000452,MANDI043,WH-Central,14/01/2026 03:12,01-14-2026 06:30 AM,-3.3,155.6,km,UP 97 CD 3519,DRV342,155.6,UP97CD3519,,,Negative transit time or arrival before departure,Exclude from transit average KPIs
TRP003664,MANDI036,WH-Central,2026-06-28T08:24:07,2026-06-28 13:42:07,-5.3,134.216136,miles,PB11-CD-8736,DRV278,215.99939631024,PB11CD8736,2026-06-28 08:24:07,,Negative transit time or arrival before departure,Exclude from transit average KPIs
TRP000993,MANDI038,WH-South,12/05/2026 13:25,2026-05-12T21:19:52,-7.9,262.9642072,miles,UP-84-DF-8468,DRV557,423.19881721524797,UP84DF8468,,,Negative transit time or arrival before departure,Exclude from transit average KPIs
TRP004991,MANDI008,WH-East,12/02/2026 11:29,12/02/2026,-3.6,209.0 KM,,DL-25-CD-4899,DRV391,,DL25CD4899,,,Negative transit time or arrival before departure,Exclude from transit average KPIs
TRP005311,MANDI011,WH-Central,21/05/2026,22/05/2026 04:30,-4.6,229.5,km,DL 98 CD 6339,DRV943,229.5,DL98CD6339,,,Negative transit time or arrival before departure,Exclude from transit average KPIs
TRP008488,MANDI055,WH-West,04-08-2026 04:41 AM,2026-04-08T17:05:59,-12.4,713.3,km,rj 95-AB-3014,DRV784,713.3,RJ95AB3014,,,Negative transit time or arrival before departure,Exclude from transit average KPIs
TRP003908,MANDI017,WH-East,02-Mar-2026 17:43:07,2026-03-03 00:49:07,-7.1,315.0,km,dl 49-CD-1231,DRV300,315.0,DL49CD1231,,,Negative transit time or arrival before departure,Exclude from transit average KPIs
TRP009502,MANDI005,Export-Terminal,2026-09-05T09:17:29,06/09/2026 08:05,22.8,1043.8,km,RJ-58-DF-1652,DRV638,1043.8,RJ58DF1652,2026-09-05 09:17:29,2026-06-09 08:05:00,Negative transit time or arrival before departure,Exclude from transit average KPIs
TRP002750,MANDI013,Export-Terminal,22/08/2026,23/08/2026 03:49,-11.2,619.5,km,dl 37-BC-4209,DRV643,619.5,DL37BC4209,,,Negative transit time or arrival before departure,Exclude from transit average KPIs
TRP006729,MANDI007,WH-East,2026-04-03T03:47:12,2026-04-04 03:35:12,-23.8,839.6586323,miles,HR 35 BC 3093,,1351.2962233056821,HR35BC3093,2026-04-03 03:47:12,,Negative transit time or arrival before departure,Exclude from transit average KPIs
TRP000084,MANDI023,WH-West,2026-05-18 18:38:40,19/05/2026,-22.8,1341.8,km,HR-25-BC-5574,DRV240,1341.8,HR25BC5574,,,Negative transit time or arrival before departure,Exclude from transit average KPIs
TRP007948,MANDI011,WH-South,21/07/2026 02:24,2026-07-21 22:54:58,-20.5,1124.0,km,,DRV538,1124.0,,,,Negative transit time or arrival before departure,Exclude from transit average KPIs
TRP003009,MANDI033,WH-West,07-08-2026 02:40 PM,09-Jul-2026 14:10:45,-23.5,848.6063747000001,miles,UP97-BC-4801,DRV477,1365.6961830596981,UP97BC4801,,,Negative transit time or arrival before departure,Exclude from transit average KPIs
TRP007257,MANDI055,WH-South,06-22-2026 07:57 AM,06-22-2026 01:09 PM,-5.2,226.7,km,,,226.7,,,,Negative transit time or arrival before departure,Exclude from transit average KPIs
TRP000629,MANDI028,Export-Terminal,2026-02-25T17:58:57,26/02/2026,-14.7,841.6,km,hr 33-CD-3191,DRV569,841.6,HR33CD3191,2026-02-25 17:58:57,,Negative transit time or arrival before departure,Exclude from transit average KPIs
TRP003744,MANDI021,WH-East,06-13-2026 08:38 PM,14-Jun-2026 09:32:12,-12.9,435.8296194,miles,UP 65 DF 8006,DRV843,701.3980396851961,UP65DF8006,,,Negative transit time or arrival before departure,Exclude from transit average KPIs
TRP004445,MANDI053,Export-Terminal,2026-03-07 06:09:33,,-6.0,183.98795310000003,miles,RJ-24-DF-2657,DRV169,296.09917244195407,RJ24DF2657,,,Negative transit time or arrival before departure,Exclude from transit average KPIs
TRP005884,MANDI019,WH-Central,17-Feb-2026 04:56:42,18/02/2026,-23.9,965.7,km,up 43-CD-2910,,965.7,UP43CD2910,,,Negative transit time or arrival before departure,Exclude from transit average KPIs
TRP002218,MANDI032,WH-Central,08/03/2026 08:53,2026-03-09 04:29:43,-19.6,1042.0,km,DL-94-BC-9829,,1042.0,DL94BC9829,,,Negative transit time or arrival before departure,Exclude from transit average KPIs
TRP003327,MANDI025,WH-North,20/08/2026 01:05,2026-08-20T09:29:20,-8.4,397.2,km,RJ27-DF-5808,DRV197,397.2,RJ27DF5808,,,Negative transit time or arrival before departure,Exclude from transit average KPIs
TRP009378,MANDI052,WH-South,26/07/2026 17:27,07-27-2026 04:57 PM,-23.5,1209.0,km,PB-34-CD-2978,DRV660,1209.0,PB34CD2978,,,Negative transit time or arrival before departure,Exclude from transit average KPIs
TRP007220,MANDI055,Export-Terminal,2026-07-23T00:29:19,2026-07-23T10:41:19,-10.2,469.2,km,,,469.2,,2026-07-23 00:29:19,,Negative transit time or arrival before departure,Exclude from transit average KPIs
TRP001593,MANDI024,Export-Terminal,2026-06-01T17:27:31,02/06/2026 02:27,9.0,489.6,km,dl 80-AB-8356,,489.6,DL80AB8356,2026-06-01 17:27:31,2026-02-06 02:27:00,Negative transit time or arrival before departure,Exclude from transit average KPIs
TRP001103,MANDI004,WH-North,2026-05-12 19:28:22,05-13-2026 02:52 AM,-7.4,372.9,km,HR-80-BC-8215,,372.9,HR80BC8215,,,Negative transit time or arrival before departure,Exclude from transit average KPIs
TRP000973,MANDI019,WH-South,17/04/2026,,-4.4,234.6,km,UP84-DF-7652,DRV729,234.6,UP84DF7652,,,Negative transit time or arrival before departure,Exclude from transit average KPIs
TRP006699,MANDI012,WH-West,2026-09-05 00:58:15,05-Sep-2026 20:28:15,-19.5,597.6346278,miles,UP-14-BC-1373,,961.7973119036519,UP14BC1373,,,Negative transit time or arrival before departure,Exclude from transit average KPIs
TRP007109,MANDI045,WH-East,05/04/2026 00:17,2026-04-05T08:23:03,-8.1,332.5,km,HR-48-DF-3088,DRV693,332.5,HR48DF3088,,,Negative transit time or arrival before departure,Exclude from transit average KPIs
TRP009010,MANDI032,WH-Central,2026-02-28T22:01:48,01/03/2026 10:07,12.1,492.0,km,RJ 76 BC 7305,DRV362,492.0,RJ76BC7305,2026-02-28 22:01:48,2026-01-03 10:07:00,Negative transit time or arrival before departure,Exclude from transit average KPIs
TRP002662,MANDI052,WH-Central,17/08/2026 16:26,17-Aug-2026 20:50:43,-4.4,250.4,km,UP-25-BC-8593,DRV708,250.4,UP25BC8593,,,Negative transit time or arrival before departure,Exclude from transit average KPIs
TRP005164,MANDI010,WH-East,2026-07-06 06:39:21,06-Jul-2026 18:51:21,-12.2,661.8,km,DL72-AB-6778,DRV648,661.8,DL72AB6778,,,Negative transit time or arrival before departure,Exclude from transit average KPIs
TRP001462,MANDI007,WH-Central,04-19-2026 06:58 PM,20/04/2026 05:52,-10.9,344.7987679,miles,,DRV458,554.898449132186,,,,Negative transit time or arrival before departure,Exclude from transit average KPIs
TRP008462,MANDI019,WH-Central,12/07/2026 09:48,12-Jul-2026 13:24:36,-3.6,166.9 KM,,PB-70-DF-3584,DRV677,,PB70DF3584,,,Negative transit time or arrival before departure,Exclude from transit average KPIs
TRP003989,MANDI014,WH-South,03-11-2026 12:17 PM,11/03/2026 19:41,-7.4,304.2,km,DL-73-DF-6743,DRV376,304.2,DL73DF6743,,2026-11-03 19:41:00,Negative transit time or arrival before departure,Exclude from transit average KPIs
TRP002672,MANDI003,Export-Terminal,2026-03-18 18:14:19,18/03/2026,-2.9,121.0,km,UP-27-CD-3971,DRV126,121.0,UP27CD3971,,,Negative transit time or arrival before departure,Exclude from transit average KPIs
TRP008114,MANDI017,WH-South,2026-03-02T08:03:16,02/03/2026 20:03,12.0,638.4,km,RJ97-BC-3390,DRV262,638.4,RJ97BC3390,2026-03-02 08:03:16,2026-02-03 20:03:00,Negative transit time or arrival before departure,Exclude from transit average KPIs
TRP007691,MANDI048,WH-Central,18-May-2026 18:36:46,2026-05-19T16:48:46,-22.2,1319.7,km,PB61-CD-8171,DRV656,1319.7,PB61CD8171,,,Negative transit time or arrival before departure,Exclude from transit average KPIs
TRP007132,MANDI039,WH-North,2026-06-06 23:12:37,07-Jun-2026 14:54:37,-15.7,882.1,km,,DRV615,882.1,,,,Negative transit time or arrival before departure,Exclude from transit average KPIs
TRP008279,MANDI015,WH-Central,2026-06-07 16:36:37,08/06/2026 07:06,-14.5,823.8,km,rj 67-BC-4981,DRV255,823.8,RJ67BC4981,,2026-08-06 07:06:00,Negative transit time or arrival before departure,Exclude from transit average KPIs
TRP003879,MANDI016,Export-Terminal,16-Aug-2026 12:38:11,2026-08-16T20:44:11,-8.1,482.1,km,PB-43-CD-2174,DRV177,482.1,PB43CD2174,,,Negative transit time or arrival before departure,Exclude from transit average KPIs
TRP002159,MANDI019,WH-Central,2026-04-11T09:54:53,04-12-2026 06:48 AM,-20.9,917.6,km,DL 48 CD 8596,DRV472,917.6,DL48CD8596,2026-04-11 09:54:53,,Negative transit time or arrival before departure,Exclude from transit average KPIs
TRP008910,MANDI034,WH-North,25/01/2026 08:44,2026-01-25 18:50:46,-10.1,409.2,km,RJ 95 CD 1133,DRV276,409.2,RJ95CD1133,,,Negative transit time or arrival before departure,Exclude from transit average KPIs
TRP005648,MANDI012,WH-West,08-12-2026 11:46 PM,2026-08-13 11:10:49,-11.4,486.1,km,HR-75-AB-4593,DRV307,486.1,HR75AB4593,,,Negative transit time or arrival before departure,Exclude from transit average KPIs
TRP009423,MANDI021,WH-East,2026-07-04 06:59:51,07-04-2026 10:53 AM,-3.9,191.3,km,UP-92-CD-5219,DRV781,191.3,UP92CD5219,,,Negative transit time or arrival before departure,Exclude from transit average KPIs
TRP000188,MANDI035,WH-West,31/07/2026,2026-07-31 18:40:19,-18.5,857.1,km,UP-82-AB-4311,,857.1,UP82AB4311,,,Negative transit time or arrival before departure,Exclude from transit average KPIs
TRP007364,MANDI056,WH-West,2026-02-03 04:56:16,2026-02-03 09:20:16,-4.4,205.9,km,,DRV793,205.9,,,,Negative transit time or arrival before departure,Exclude from transit average KPIs
TRP003830,MANDI017,WH-Central,2026-07-12 19:26:18,13/07/2026 03:08,-7.7,376.6,km,,DRV502,376.6,,,,Negative transit time or arrival before departure,Exclude from transit average KPIs
TRP001238,MANDI001,WH-North,2026-06-02T05:11:06,02/06/2026 08:53,3.7,152.6,km,DL-13-AB-6129,DRV524,152.6,DL13AB6129,2026-06-02 05:11:06,2026-02-06 08:53:00,Negative transit time or arrival before departure,Exclude from transit average KPIs
TRP005005,MANDI039,WH-East,02-11-2026 10:11 AM,11/02/2026,-4.1,120.04887719999999,miles,DL-30-CD-6700,,193.199460033048,DL30CD6700,,,Negative transit time or arrival before departure,Exclude from transit average KPIs
TRP001628,MANDI023,WH-North,01-Apr-2026 00:46:01,2026-04-01T16:10:01,-15.4,897.8,km,UP-62-DF-6894,DRV381,897.8,UP62DF6894,,,Negative transit time or arrival before departure,Exclude from transit average KPIs
TRP005674,MANDI028,WH-South,29/08/2026 21:49,2026-08-30T10:25:01,-12.6,585.4 KM,,RJ-92-DF-7455,DRV608,,RJ92DF7455,,,Negative transit time or arrival before departure,Exclude from transit average KPIs
TRP000947,MANDI031,WH-East,29/08/2026 05:27,2026-08-30 04:27:00,-23.0,1341.6,km,up 76-BC-1474,DRV841,1341.6,UP76BC1474,,,Negative transit time or arrival before departure,Exclude from transit average KPIs
TRP009858,MANDI047,WH-North,2026-04-16T23:25:49,2026-04-17T10:13:49,-10.8,450.7,km,PB-10-CD-2349,DRV959,450.7,PB10CD2349,2026-04-16 23:25:49,,Negative transit time or arrival before departure,Exclude from transit average KPIs
TRP000124,MANDI009,WH-East,28-Apr-2026 11:46:36,29-Apr-2026 07:34:36,-19.8,974.1,km,PB-58-CD-9070,DRV211,974.1,PB58CD9070,,,Negative transit time or arrival before departure,Exclude from transit average KPIs
TRP007557,MANDI027,WH-West,2026-05-10 14:24:38,2026-05-11T14:12:38,-23.8,1052.1,km,DL-53-CD-2000,DRV483,1052.1,DL53CD2000,,,Negative transit time or arrival before departure,Exclude from transit average KPIs
TRP004010,MANDI012,Export-Terminal,08-Feb-2026 11:35:57,2026-02-08 17:05:57,-5.5,264.7,km,UP-72-BC-8411,DRV740,264.7,UP72BC8411,,,Negative transit time or arrival before departure,Exclude from transit average KPIs
TRP003416,MANDI012,WH-South,2026-02-03 23:06:28,02-04-2026 10:12 PM,-23.1,1029.7,km,DL 80 CD 2739,DRV134,1029.7,DL80CD2739,,,Negative transit time or arrival before departure,Exclude from transit average KPIs
TRP000930,MANDI030,WH-West,12/02/2026 19:42,2026-02-13 01:30:29,-5.8,249.4,km,dl 30-CD-8544,DRV220,249.4,DL30CD8544,,,Negative transit time or arrival before departure,Exclude from transit average KPIs
TRP003244,MANDI027,Export-Terminal,24/06/2026 05:46,24-Jun-2026 08:52:55,-3.1,173.6,km,dl 62-DF-6488,DRV909,173.6,DL62DF6488,,,Negative transit time or arrival before departure,Exclude from transit average KPIs
TRP001237,MANDI017,Export-Terminal,07-23-2026 05:01 PM,2026-07-24 07:31:18,-14.5,471.3720406,miles,,DRV454,758.597879819204,,,,Negative transit time or arrival before departure,Exclude from transit average KPIs
TRP005477,MANDI023,WH-East,2026-08-15T18:52:11,16-Aug-2026 04:16:11,-9.4,476.6,km,RJ-36-BC-4967,DRV280,476.6,RJ36BC4967,2026-08-15 18:52:11,,Negative transit time or arrival before departure,Exclude from transit average KPIs
TRP000019,MANDI046,WH-North,02-Feb-2026 16:08:01,03/02/2026 13:32,-21.4,896.3 KM,,RJ-13-BC-6915,DRV915,,RJ13BC6915,,2026-03-02 13:32:00,Negative transit time or arrival before departure,Exclude from transit average KPIs
TRP009215,MANDI035,Export-Terminal,2026-06-30T22:02:05,01/07/2026 07:08,9.1,325.84695239999996,miles,,DRV397,524.3985343754159,,2026-06-30 22:02:05,2026-01-07 07:08:00,Negative transit time or arrival before departure,Exclude from transit average KPIs
TRP008884,MANDI049,WH-South,2026-01-20T18:06:14,,-5.4,244.4,km,rj 41-CD-1822,DRV598,244.4,RJ41CD1822,2026-01-20 18:06:14,,Negative transit time or arrival before departure,Exclude from transit average KPIs
TRP004988,MANDI045,WH-North,13-Aug-2026 22:19:34,14-Aug-2026 03:13:34,-4.9,236.7,km,PB-23-BC-6044,DRV700,236.7,PB23BC6044,,,Negative transit time or arrival before departure,Exclude from transit average KPIs
TRP001326,MANDI015,WH-North,27/06/2026 15:56,2026-06-27 21:08:34,-5.2,269.0,km,PB 90 DF 9837,DRV888,269.0,PB90DF9837,,,Negative transit time or arrival before departure,Exclude from transit average KPIs
TRP009590,MANDI042,WH-East,2026-08-31 18:45:39,2026-09-01 09:09:39,-14.4,446.02010379999996,miles,UP-80-BC-9449,DRV212,717.7979938494921,UP80BC9449,,,Negative transit time or arrival before departure,Exclude from transit average KPIs
TRP001186,MANDI027,WH-East,01-29-2026 07:57 PM,30/01/2026 02:15,-6.3,272.9,km,HR-35-AB-1826,DRV906,272.9,HR35AB1826,,,Negative transit time or arrival before departure,Exclude from transit average KPIs
TRP004601,MANDI025,WH-Central,13/03/2026,,-21.0,1025.7,km,DL-84-AB-6745,DRV652,1025.7,DL84AB6745,,,Negative transit time or arrival before departure,Exclude from transit average KPIs
TRP003660,MANDI024,WH-North,2026-05-09 00:57:48,2026-05-09 19:51:48,-18.9,910.4,km,pb 51-AB-3835,,910.4,PB51AB3835,,,Negative transit time or arrival before departure,Exclude from transit average KPIs
TRP003517,MANDI016,WH-North,22-Jul-2026 15:12:37,23/07/2026 10:24,-19.2,1102.1,km,PB-18-BC-8272,DRV467,1102.1,PB18BC8272,,,Negative transit time or arrival before departure,Exclude from transit average KPIs
TRP000281,MANDI021,WH-East,19-Aug-2026 15:45:02,2026-08-20 04:57:02,-13.2,554.2,km,HR-34-AB-8612,DRV965,554.2,HR34AB8612,,,Negative transit time or arrival before departure,Exclude from transit average KPIs
TRP009917,MANDI016,Export-Terminal,2026-05-11 07:25:35,11/05/2026,-13.0,633.7,km,PB 94 CD 3871,DRV200,633.7,PB94CD3871,,,Negative transit time or arrival before departure,Exclude from transit average KPIs
TRP003809,MANDI005,Export-Terminal,21/06/2026 10:22,2026-06-21 22:28:35,-12.1,592.2,km,PB-24-AB-2683,DRV157,592.2,PB24AB2683,,,Negative transit time or arrival before departure,Exclude from transit average KPIs
TRP001788,MANDI054,Export-Terminal,29/04/2026 02:34,2026-04-29 17:58:24,-15.4,849.9,km,UP20-CD-1168,DRV195,849.9,UP20CD1168,,,Negative transit time or arrival before departure,Exclude from transit average KPIs
TRP001090,MANDI019,WH-West,2026-02-06 04:02:55,2026-02-06T08:20:55,-4.3,222.5,km,dl 45-DF-6847,DRV163,222.5,DL45DF6847,,,Negative transit time or arrival before departure,Exclude from transit average KPIs
TRP001911,MANDI020,WH-South,06-29-2026 04:38 PM,,-19.9,504.67752620000005,miles,RJ-21-CD-4224,DRV880,812.1977300147082,RJ21CD4224,,,Negative transit time or arrival before departure,Exclude from transit average KPIs
TRP002697,MANDI048,Export-Terminal,2026-06-12T12:30:14,2026-06-12 17:48:14,-5.3,258.1,km,,DRV687,258.1,,2026-06-12 12:30:14,,Negative transit time or arrival before departure,Exclude from transit average KPIs
TRP001782,MANDI027,WH-West,2026-06-18 22:07:47,2026-06-19 09:37:47,-11.5,681.8,km,DL99-BC-1593,DRV615,681.8,DL99BC1593,,,Negative transit time or arrival before departure,Exclude from transit average KPIs
TRP003691,MANDI006,WH-Central,2026-06-04T05:09:37,05-Jun-2026 03:15:37,-22.1,967.6,km,,DRV712,967.6,,2026-06-04 05:09:37,,Negative transit time or arrival before departure,Exclude from transit average KPIs
TRP004944,MANDI046,WH-North,2026-03-11 17:00:18,12/03/2026,-11.9,580.6,km,hr 80-DF-6004,DRV447,580.6,HR80DF6004,,,Negative transit time or arrival before departure,Exclude from transit average KPIs
TRP006064,MANDI026,WH-South,2026-09-08T12:05:10,08-Sep-2026 18:35:10,-6.5,264.9,km,,DRV324,264.9,,2026-09-08 12:05:10,,Negative transit time or arrival before departure,Exclude from transit average KPIs
TRP001815,MANDI022,WH-Central,2026-02-17 20:17:35,2026-02-18 18:59:35,-22.7,909.7,km,UP-53-BC-6619,DRV446,909.7,UP53BC6619,,,Negative transit time or arrival before departure,Exclude from transit average KPIs
TRP006748,MANDI057,WH-East,2026-02-26 02:49:17,2026-02-26 05:07:17,-2.3,112.2,km,,DRV645,112.2,,,,Negative transit time or arrival before departure,Exclude from transit average KPIs
TRP006520,MANDI040,WH-East,27/01/2026 20:56,2026-01-28 08:44:36,-11.8,589.7,km,up 73-CD-3731,DRV453,589.7,UP73CD3731,,,Negative transit time or arrival before departure,Exclude from transit average KPIs
TRP009723,MANDI016,WH-Central,05-03-2026 09:35 PM,05-04-2026 04:17 PM,-18.7,973.1,km,HR-36-BC-1410,DRV183,973.1,HR36BC1410,,,Negative transit time or arrival before departure,Exclude from transit average KPIs
TRP007928,MANDI042,WH-East,2026-02-27T15:45:39,27/02/2026,-6.9,339.6,km,,DRV274,339.6,,2026-02-27 15:45:39,,Negative transit time or arrival before departure,Exclude from transit average KPIs
TRP005348,MANDI041,WH-West,2026-01-04 22:46:02,2026-01-05 14:58:02,-16.2,733.6,km,HR 30 AB 6263,DRV854,733.6,HR30AB6263,,,Negative transit time or arrival before departure,Exclude from transit average KPIs
TRP003254,MANDI053,WH-West,2026-03-07T06:57:45,07/03/2026,-15.2,684.8,km,DL57-AB-8604,DRV505,684.8,DL57AB8604,2026-03-07 06:57:45,,Negative transit time or arrival before departure,Exclude from transit average KPIs
TRP009815,MANDI044,WH-East,06/08/2026 13:30,07/08/2026,-22.5,1252.1,km,up 91-AB-5026,DRV359,1252.1,UP91AB5026,,,Negative transit time or arrival before departure,Exclude from transit average KPIs
TRP008000,MANDI012,Export-Terminal,2026-07-31T11:11:37,,-14.0,711.9,km,,,711.9,,2026-07-31 11:11:37,,Negative transit time or arrival before departure,Exclude from transit average KPIs
TRP003472,MANDI034,Export-Terminal,2026-09-07T09:21:39,07/09/2026 14:33,5.2,308.3,km,UP29-BC-9724,DRV887,308.3,UP29BC9724,2026-09-07 09:21:39,2026-07-09 14:33:00,Negative transit time or arrival before departure,Exclude from transit average KPIs
TRP009983,MANDI025,Export-Terminal,2026-06-27T10:58:42,2026-06-27 17:16:42,-6.3,371.5,km,HR54-AB-3385,DRV319,371.5,HR54AB3385,2026-06-27 10:58:42,,Negative transit time or arrival before departure,Exclude from transit average KPIs
TRP001429,MANDI014,Export-Terminal,04-10-2026 10:35 PM,11/04/2026,-4.3,188.6,km,,,188.6,,,,Negative transit time or arrival before departure,Exclude from transit average KPIs
TRP009303,MANDI015,WH-West,04-06-2026 05:33 AM,06/04/2026,-9.9,514.0,km,DL-93-DF-1766,DRV982,514.0,DL93DF1766,,,Negative transit time or arrival before departure,Exclude from transit average KPIs
TRP009202,MANDI039,WH-South,2026-07-11 23:38:28,,-5.0,252.8,km,DL 96 DF 4204,DRV987,252.8,DL96DF4204,,,Negative transit time or arrival before departure,Exclude from transit average KPIs
TRP004941,MANDI024,WH-North,18/01/2026 07:26,2026-01-19 04:56:31,-21.5,1098.1 KM,,,DRV951,,,,,Negative transit time or arrival before departure,Exclude from transit average KPIs
TRP006231,MANDI020,WH-North,08/06/2026 22:07,09-Jun-2026 20:55:42,-22.8,1291.3,km,,,1291.3,,,,Negative transit time or arrival before departure,Exclude from transit average KPIs
TRP008124,MANDI019,WH-West,19/01/2026,2026-01-20 08:59:02,-12.2,404.8232065,miles,up 49-BC-1167,DRV212,651.49817914871,UP49BC1167,,,Negative transit time or arrival before departure,Exclude from transit average KPIs
TRP006165,MANDI010,WH-Central,2026-06-23 09:45:37,23/06/2026 23:03,-13.3,607.1,km,,DRV201,607.1,,,,Negative transit time or arrival before departure,Exclude from transit average KPIs
TRP004840,MANDI019,Export-Terminal,23-Jan-2026 20:47:48,01-24-2026 01:29 PM,-16.7,694.9,km,PB-41-BC-5554,DRV108,694.9,PB41BC5554,,,Negative transit time or arrival before departure,Exclude from transit average KPIs
TRP005828,MANDI047,WH-South,02/08/2026 17:46,02-Aug-2026 21:58:02,-4.2,249.4,km,,,249.4,,,,Negative transit time or arrival before departure,Exclude from transit average KPIs
TRP002356,MANDI053,WH-West,2026-08-09 22:38:30,10/08/2026 11:50,-13.2,376.36441470000005,miles,dl 52-AB-6830,DRV930,605.6983071532981,DL52AB6830,,2026-10-08 11:50:00,Negative transit time or arrival before departure,Exclude from transit average KPIs
TRP001383,MANDI050,WH-North,04-13-2026 06:00 AM,2026-04-13T20:30:19,-14.5,367.230261,miles,RJ-32-DF-7834,DRV753,590.99834823774,RJ32DF7834,,,Negative transit time or arrival before departure,Exclude from transit average KPIs
TRP005449,MANDI056,WH-Central,2026-06-11 15:02:53,12/06/2026,-21.8,1069.5,km,UP-82-DF-7822,DRV895,1069.5,UP82DF7822,,,Negative transit time or arrival before departure,Exclude from transit average KPIs
TRP006611,MANDI020,WH-West,15/04/2026 18:41,2026-04-16 14:41:05,-20.0,1100.5,km,HR-40-CD-5096,DRV424,1100.5,HR40CD5096,,,Negative transit time or arrival before departure,Exclude from transit average KPIs
TRP000846,MANDI056,WH-West,2026-07-23 03:41:25,07-23-2026 11:23 PM,-19.7,1043.6,km,UP-27-DF-1617,DRV880,1043.6,UP27DF1617,,,Negative transit time or arrival before departure,Exclude from transit average KPIs
TRP002409,MANDI039,WH-North,06-27-2026 09:56 PM,28/06/2026,-16.7,687.9,km,pb 95-DF-1053,DRV226,687.9,PB95DF1053,,,Negative transit time or arrival before departure,Exclude from transit average KPIs
TRP005281,MANDI042,WH-West,24-Jan-2026 20:02:48,2026-01-25T09:38:48,-13.6,783.2 KM,,RJ-92-AB-3628,DRV179,,RJ92AB3628,,,Negative transit time or arrival before departure,Exclude from transit average KPIs
TRP003714,MANDI045,Export-Terminal,21/01/2026 23:36,22/01/2026 05:00,-5.4,235.7,km,RJ 80 AB 2912,DRV958,235.7,RJ80AB2912,,,Negative transit time or arrival before departure,Exclude from transit average KPIs
TRP009028,MANDI026,WH-South,17/04/2026 15:15,2026-04-18 12:09:26,-20.9,1171.6,km,RJ-16-CD-3877,,1171.6,RJ16CD3877,,,Negative transit time or arrival before departure,Exclude from transit average KPIs
TRP007328,MANDI020,WH-East,2026-07-04T15:41:50,05/07/2026 00:59,,532.9,km,pb 18-DF-9604,DRV757,532.9,PB18DF9604,2026-07-04 15:41:50,2026-05-07 00:59:00,Negative transit time or arrival before departure,Exclude from transit average KPIs
TRP008106,MANDI006,WH-East,2026-01-08 13:39:52,09/01/2026,-23.3,1155.3,km,PB17-DF-2683,DRV647,1155.3,PB17DF2683,,,Negative transit time or arrival before departure,Exclude from transit average KPIs
TRP004400,MANDI019,WH-Central,2026-05-27T01:13:57,2026-05-27T14:49:57,-13.6,705.8,km,dl 20-BC-3306,DRV255,705.8,DL20BC3306,2026-05-27 01:13:57,,Negative transit time or arrival before departure,Exclude from transit average KPIs
TRP002864,MANDI019,WH-South,2026-08-12 12:08:07,2026-08-12 19:56:07,-7.8,312.7,km,up 68-BC-2847,DRV502,312.7,UP68BC2847,,,Negative transit time or arrival before departure,Exclude from transit average KPIs
TRP002773,MANDI015,WH-East,08-31-2026 04:35 PM,01/09/2026,-15.5,866.5,km,UP-92-CD-1555,DRV576,866.5,UP92CD1555,,,Negative transit time or arrival before departure,Exclude from transit average KPIs
TRP001389,MANDI014,Export-Terminal,07-15-2026 06:15 AM,,-10.2,277.2557402,miles,RJ81-CD-1526,,446.198752933468,RJ81CD1526,,,Negative transit time or arrival before departure,Exclude from transit average KPIs
TRP009771,MANDI016,WH-South,24-Mar-2026 17:14:05,24/03/2026 20:50,-3.6,215.2,km,HR-54-AB-8289,DRV816,215.2,HR54AB8289,,,Negative transit time or arrival before departure,Exclude from transit average KPIs
TRP007352,MANDI026,WH-Central,16/03/2026 04:11,2026-03-17T00:29:44,-20.3,853.8,km,DL 80 BC 2715,DRV736,853.8,DL80BC2715,,,Negative transit time or arrival before departure,Exclude from transit average KPIs
TRP002279,MANDI046,WH-Central,2026-08-14 21:00:51,15/08/2026,-4.5,212.0,km,RJ 37 DF 5507,,212.0,RJ37DF5507,,,Negative transit time or arrival before departure,Exclude from transit average KPIs
TRP001713,MANDI011,WH-South,25-Mar-2026 23:20:45,,-2.9,162.4,km,HR 75 AB 4590,DRV464,162.4,HR75AB4590,,,Negative transit time or arrival before departure,Exclude from transit average KPIs
TRP008596,MANDI055,WH-North,2026-08-05T03:04:05,05/08/2026 06:46,3.7,156.5,km,UP 25 CD 5249,DRV726,156.5,UP25CD5249,2026-08-05 03:04:05,2026-05-08 06:46:00,Negative transit time or arrival before departure,Exclude from transit average KPIs
TRP001926,MANDI054,WH-South,2026-02-14T09:32:27,2026-02-14 19:50:27,-10.3,511.1,km,PB-22-AB-7726,DRV707,511.1,PB22AB7726,2026-02-14 09:32:27,,Negative transit time or arrival before departure,Exclude from transit average KPIs
TRP001710,MANDI002,WH-South,2026-02-15 13:29:52,16-Feb-2026 06:35:52,-17.1,577.3157961000001,miles,HR-42-BC-7724,DRV653,929.097403295574,HR42BC7724,,,Negative transit time or arrival before departure,Exclude from transit average KPIs
TRP009057,MANDI027,WH-South,2026-05-18T16:05:27,05-18-2026 07:23 PM,-3.3,192.9,km,hr 29-BC-4838,,192.9,HR29BC4838,2026-05-18 16:05:27,,Negative transit time or arrival before departure,Exclude from transit average KPIs
TRP000117,MANDI051,WH-South,2026-01-02 13:16:51,03/01/2026 12:34,-23.3,1256.1,km,hr 57-CD-5729,DRV465,1256.1,HR57CD5729,,2026-03-01 12:34:00,Negative transit time or arrival before departure,Exclude from transit average KPIs
TRP007726,MANDI020,WH-South,2026-04-06 01:27:43,2026-04-06 12:33:43,-11.1,477.9 KM,,HR-74-DF-2577,DRV501,,HR74DF2577,,,Negative transit time or arrival before departure,Exclude from transit average KPIs
TRP000960,MANDI016,WH-West,2026-08-19T09:46:41,2026-08-20 04:58:41,-19.2,1015.8,km,,DRV790,1015.8,,2026-08-19 09:46:41,,Negative transit time or arrival before departure,Exclude from transit average KPIs
TRP006343,MANDI017,WH-South,2026-08-31 00:37:31,31/08/2026 05:55,-5.3,263.9,km,DL-96-DF-7884,,263.9,DL96DF7884,,,Negative transit time or arrival before departure,Exclude from transit average KPIs
TRP005777,MANDI025,WH-Central,06-14-2026 02:39 PM,2026-06-15T02:45:59,-12.1,596.3,km,dl 72-CD-3774,DRV852,596.3,DL72CD3774,,,Negative transit time or arrival before departure,Exclude from transit average KPIs
TRP004812,MANDI015,WH-Central,20/01/2026 22:54,2026-01-21T01:54:10,-3.0,137.5,km,RJ-66-DF-5230,,137.5,RJ66DF5230,,,Negative transit time or arrival before departure,Exclude from transit average KPIs
TRP009570,MANDI049,WH-West,06-Apr-2026 01:36:35,2026-04-06T17:48:35,-16.2,700.3,km,rj 97-CD-6293,DRV641,700.3,RJ97CD6293,,,Negative transit time or arrival before departure,Exclude from transit average KPIs
TRP002384,MANDI051,WH-East,08-02-2026 03:12 PM,08-03-2026 02:36 PM,-23.4,1185.8,km,RJ-20-DF-4032,DRV976,1185.8,RJ20DF4032,,,Negative transit time or arrival before departure,Exclude from transit average KPIs
TRP004312,MANDI056,Export-Terminal,15/04/2026,16/04/2026,-20.0,519.3418818,miles,PB98-CD-5143,DRV740,835.797664056012,PB98CD5143,,,Negative transit time or arrival before departure,Exclude from transit average KPIs
TRP005371,MANDI045,Export-Terminal,2026-06-13T18:51:46,06-14-2026 12:51 AM,-6.0,271.0,km,,DRV532,271.0,,2026-06-13 18:51:46,,Negative transit time or arrival before departure,Exclude from transit average KPIs
TRP002737,MANDI049,WH-West,12/01/2026 08:51,01-12-2026 02:39 PM,-5.8,256.2,km,HR 31 AB 9280,,256.2,HR31AB9280,,,Negative transit time or arrival before departure,Exclude from transit average KPIs
TRP003043,MANDI046,WH-North,2026-02-12 15:27:51,02-13-2026 12:45 AM,-9.3,482.9 KM,,dl 86-CD-9898,DRV107,,DL86CD9898,,,Negative transit time or arrival before departure,Exclude from transit average KPIs
TRP003295,MANDI011,WH-South,06-15-2026 09:38 PM,16-Jun-2026 18:14:14,-20.6,894.8,km,,DRV132,894.8,,,,Negative transit time or arrival before departure,Exclude from transit average KPIs
TRP008239,MANDI029,WH-South,05-19-2026 09:51 AM,20/05/2026,-17.8,803.7,km,DL35-CD-2163,DRV345,803.7,DL35CD2163,,,Negative transit time or arrival before departure,Exclude from transit average KPIs
TRP008045,MANDI037,Export-Terminal,02-11-2026 07:40 AM,2026-02-11T14:40:30,-7.0,289.9,km,UP-84-DF-5154,DRV152,289.9,UP84DF5154,,,Negative transit time or arrival before departure,Exclude from transit average KPIs
TRP009933,MANDI031,Export-Terminal,2026-07-20 00:17:23,20-Jul-2026 23:17:23,-23.0,1099.3,km,up 78-DF-1408,DRV718,1099.3,UP78DF1408,,,Negative transit time or arrival before departure,Exclude from transit average KPIs
TRP001751,MANDI042,WH-South,20/05/2026 18:53,,-18.6,758.9 KM,,RJ 82 DF 2307,DRV441,,RJ82DF2307,,,Negative transit time or arrival before departure,Exclude from transit average KPIs
TRP001640,MANDI007,WH-Central,2026-06-17T14:01:12,17/06/2026 19:01,-5.0,220.1,km,RJ 32 DF 3176,DRV820,220.1,RJ32DF3176,2026-06-17 14:01:12,,Negative transit time or arrival before departure,Exclude from transit average KPIs
TRP009131,MANDI050,WH-South,2026-01-04 19:13:05,2026-01-05 00:13:05,-5.0,275.7,km,dl 69-BC-8184,DRV560,275.7,DL69BC8184,,,Negative transit time or arrival before departure,Exclude from transit average KPIs
TRP005137,MANDI014,WH-West,24/01/2026 12:26,2026-01-25 01:08:44,-12.7,659.3,km,,,659.3,,,,Negative transit time or arrival before departure,Exclude from transit average KPIs
TRP002344,MANDI019,WH-East,2026-06-28T16:27:01,29/06/2026,-18.5,541.214141,miles,RJ62-CD-3817,DRV848,870.9975656769401,RJ62CD3817,2026-06-28 16:27:01,,Negative transit time or arrival before departure,Exclude from transit average KPIs
TRP000482,MANDI030,WH-East,08/07/2026 15:06,,-23.6,821.6388733,miles,HR-63-BC-9783,,1322.296304356622,HR63BC9783,,,Negative transit time or arrival before departure,Exclude from transit average KPIs
TRP001763,MANDI053,WH-North,2026-06-01T07:47:52,01/06/2026 16:17,8.5,269.053643,miles,pb 50-AB-2414,DRV865,432.99878982562,PB50AB2414,2026-06-01 07:47:52,2026-01-06 16:17:00,Negative transit time or arrival before departure,Exclude from transit average KPIs
TRP007480,MANDI020,WH-North,28-Jun-2026 06:42:45,2026-06-28 17:48:45,-11.1,516.7,km,PB24-DF-1279,,516.7,PB24DF1279,,,Negative transit time or arrival before departure,Exclude from transit average KPIs
TRP006767,MANDI005,WH-North,08-Mar-2026 16:23:36,09-Mar-2026 03:23:36,-11.0,527.8,km,PB-27-BC-7637,DRV409,527.8,PB27BC7637,,,Negative transit time or arrival before departure,Exclude from transit average KPIs
TRP008647,MANDI017,WH-East,11/02/2026 23:49,2026-02-12 06:07:15,-6.3,367.3,km,UP-77-AB-6667,DRV918,367.3,UP77AB6667,,,Negative transit time or arrival before departure,Exclude from transit average KPIs
TRP006137,MANDI051,WH-Central,2026-05-28 16:46:04,2026-05-29T06:28:04,-13.7,437.5073211,miles,UP 98 CD 5852,DRV460,704.098032139074,UP98CD5852,,,Negative transit time or arrival before departure,Exclude from transit average KPIs
TRP004178,MANDI038,WH-South,08-Aug-2026 13:55:10,2026-08-09 04:01:10,-14.1,832.0 KM,,HR-50-AB-1844,,,HR50AB1844,,,Negative transit time or arrival before departure,Exclude from transit average KPIs
TRP006151,MANDI025,WH-Central,2026-06-01T17:23:59,02/06/2026 08:59,15.6,658.7,km,hr 43-AB-4478,DRV858,658.7,HR43AB4478,2026-06-01 17:23:59,2026-02-06 08:59:00,Negative transit time or arrival before departure,Exclude from transit average KPIs
TRP003463,MANDI021,WH-South,2026-06-18T18:50:25,2026-06-19T12:14:25,-17.4,773.6,km,hr 14-AB-5973,DRV485,773.6,HR14AB5973,2026-06-18 18:50:25,,Negative transit time or arrival before departure,Exclude from transit average KPIs
TRP007644,MANDI011,WH-East,2026-03-01T07:35:27,01/03/2026 16:35,9.0,459.9,km,RJ79-AB-7057,,459.9,RJ79AB7057,2026-03-01 07:35:27,2026-01-03 16:35:00,Negative transit time or arrival before departure,Exclude from transit average KPIs
TRP009879,MANDI024,WH-Central,2026-02-09 15:02:36,10/02/2026 06:56,-15.9,847.1,km,UP 38 DF 8852,DRV151,847.1,UP38DF8852,,2026-10-02 06:56:00,Negative transit time or arrival before departure,Exclude from transit average KPIs
TRP006705,MANDI037,WH-South,2026-05-29 09:19:44,29/05/2026 20:25,-11.1,489.7,km,rj 45-CD-8361,DRV810,489.7,RJ45CD8361,,,Negative transit time or arrival before departure,Exclude from transit average KPIs
TRP006515,MANDI048,WH-South,19-Feb-2026 00:30:22,2026-02-19T20:48:22,-20.3,1192.3,km,dl 19-BC-9476,DRV865,1192.3,DL19BC9476,,,Negative transit time or arrival before departure,Exclude from transit average KPIs
TRP003418,MANDI028,WH-South,11/03/2026 10:36,2026-03-11 18:30:33,-7.9,204.67960739999998,miles,RJ-19-BC-8359,,329.399079373116,RJ19BC8359,,,Negative transit time or arrival before departure,Exclude from transit average KPIs
TRP007791,MANDI007,WH-North,05-09-2026 08:21 AM,2026-05-10T00:57:25,-16.6,461.5543788,miles,HR-82-DF-4993,DRV307,742.797923977992,HR82DF4993,,,Negative transit time or arrival before departure,Exclude from transit average KPIs
TRP005789,MANDI009,WH-East,04-01-2026 01:47 PM,,-15.5,683.6,km,UP-30-BC-7005,DRV405,683.6,UP30BC7005,,,Negative transit time or arrival before departure,Exclude from transit average KPIs
TRP008136,MANDI051,WH-Central,2026-07-20 18:54:32,2026-07-21 05:30:32,-10.6,450.7 KM,,PB-45-CD-9780,DRV230,,PB45CD9780,,,Negative transit time or arrival before departure,Exclude from transit average KPIs
TRP002899,MANDI052,WH-North,23-Jan-2026 11:03:26,23/01/2026 14:15,-3.2,141.3 KM,,UP 86 CD 4320,DRV178,,UP86CD4320,,,Negative transit time or arrival before departure,Exclude from transit average KPIs
TRP006414,MANDI029,WH-East,23/01/2026 04:13,24/01/2026,-22.2,1176.2,km,,DRV410,1176.2,,,,Negative transit time or arrival before departure,Exclude from transit average KPIs
TRP009065,MANDI013,WH-West,04/05/2026,05/05/2026 04:40,-7.1,314.9,km,RJ-83-BC-8906,,314.9,RJ83BC8906,,2026-05-05 04:40:00,Negative transit time or arrival before departure,Exclude from transit average KPIs
TRP006989,MANDI038,WH-North,19/08/2026 04:17,19/08/2026 17:53,-13.6,349.3347762,miles,rj 14-AB-8469,DRV149,562.198428729708,RJ14AB8469,,,Negative transit time or arrival before departure,Exclude from transit average KPIs
TRP000847,MANDI016,WH-East,2026-06-21 19:50:56,22-Jun-2026 13:50:56,-18.0,898.9,km,PB88-CD-2003,DRV915,898.9,PB88CD2003,,,Negative transit time or arrival before departure,Exclude from transit average KPIs
TRP005967,MANDI026,WH-South,04-16-2026 08:53 AM,2026-04-17 03:05:53,-18.2,1039.3,km,PB 85 BC 8405,DRV178,1039.3,PB85BC8405,,,Negative transit time or arrival before departure,Exclude from transit average KPIs
TRP008660,MANDI028,Export-Terminal,20/07/2026 08:25,20-Jul-2026 16:19:22,-7.9,425.6,km,PB-37-DF-2068,DRV104,425.6,PB37DF2068,,,Negative transit time or arrival before departure,Exclude from transit average KPIs
TRP004325,MANDI011,Export-Terminal,19/01/2026 03:16,19/01/2026 20:52,-17.6,704.3,km,UP-88-AB-4225,DRV686,704.3,UP88AB4225,,,Negative transit time or arrival before departure,Exclude from transit average KPIs
TRP005123,MANDI033,Export-Terminal,07-Jan-2026 08:39:54,08-Jan-2026 00:03:54,-15.4,697.8,km,HR-32-AB-4084,DRV974,697.8,HR32AB4084,,,Negative transit time or arrival before departure,Exclude from transit average KPIs
TRP000365,MANDI016,WH-East,24-Feb-2026 08:46:51,25/02/2026 03:58,-19.2,1041.7,km,RJ-75-DF-8081,DRV197,1041.7,RJ75DF8081,,,Negative transit time or arrival before departure,Exclude from transit average KPIs
TRP005586,MANDI044,Export-Terminal,06-20-2026 09:56 PM,,-15.0,735.8,km,PB 53 DF 4684,DRV729,735.8,PB53DF4684,,,Negative transit time or arrival before departure,Exclude from transit average KPIs
TRP007831,MANDI033,WH-Central,02-06-2026 07:38 AM,02-06-2026 10:56 PM,-15.3,891.6,km,UP-55-CD-1677,,891.6,UP55CD1677,,,Negative transit time or arrival before departure,Exclude from transit average KPIs
TRP006328,MANDI025,WH-Central,25-Jul-2026 12:30:39,2026-07-25 22:12:39,-9.7,457.9,km,RJ84-BC-8057,DRV357,457.9,RJ84BC8057,,,Negative transit time or arrival before departure,Exclude from transit average KPIs
TRP004893,MANDI047,WH-East,2026-01-22 21:10:18,2026-01-23T09:34:18,-12.4,532.5,km,hr 33-AB-9340,DRV886,532.5,HR33AB9340,,,Negative transit time or arrival before departure,Exclude from transit average KPIs
TRP001332,MANDI039,WH-East,2026-06-28 23:37:19,29-Jun-2026 22:55:19,-23.3,803.6812514000001,miles,RJ-40-CD-4303,DRV256,1293.3963851280762,RJ40CD4303,,,Negative transit time or arrival before departure,Exclude from transit average KPIs
TRP004364,MANDI055,WH-Central,2026-04-15 16:12:24,16/04/2026 08:06,-15.9,858.7,km,,DRV391,858.7,,,,Negative transit time or arrival before departure,Exclude from transit average KPIs
TRP000771,MANDI048,WH-Central,2026-06-22T23:21:31,23-Jun-2026 12:15:31,-12.9,592.7,km,up 61-BC-1748,DRV752,592.7,UP61BC1748,2026-06-22 23:21:31,,Negative transit time or arrival before departure,Exclude from transit average KPIs
TRP007240,MANDI046,WH-East,01/08/2026,02/08/2026,-13.3,579.5,km,PB83-CD-7762,DRV441,579.5,PB83CD7762,,,Negative transit time or arrival before departure,Exclude from transit average KPIs
TRP005566,MANDI009,WH-North,2026-04-27T22:57:18,28/04/2026 13:27,-14.5,658.8,km,,,658.8,,2026-04-27 22:57:18,,Negative transit time or arrival before departure,Exclude from transit average KPIs
TRP004810,MANDI045,WH-North,07-22-2026 09:22 PM,2026-07-23 05:40:37,-8.3,441.3,km,rj 52-DF-1364,DRV415,441.3,RJ52DF1364,,,Negative transit time or arrival before departure,Exclude from transit average KPIs
TRP005990,MANDI004,WH-Central,2026-06-01T12:23:05,01/06/2026 23:59,11.6,629.0,km,UP-64-BC-3502,DRV905,629.0,UP64BC3502,2026-06-01 12:23:05,2026-01-06 23:59:00,Negative transit time or arrival before departure,Exclude from transit average KPIs
TRP009835,MANDI044,WH-South,22/02/2026 06:12,2026-02-22 11:36:37,-5.4,322.8,km,HR-80-DF-1923,DRV848,322.8,HR80DF1923,,,Negative transit time or arrival before departure,Exclude from transit average KPIs
TRP001839,MANDI018,Export-Terminal,06/09/2026,2026-09-06 16:51:40,-8.6,231.58497169999998,miles,PB-98-CD-7164,DRV563,372.69895835567803,PB98CD7164,,,Negative transit time or arrival before departure,Exclude from transit average KPIs
TRP003776,MANDI035,WH-West,07-08-2026 01:56 PM,2026-07-09T00:26:35,-10.5,542.3,km,,DRV236,542.3,,,,Negative transit time or arrival before departure,Exclude from transit average KPIs
TRP004836,MANDI052,WH-South,08/03/2026 10:13,,-17.6,825.3,km,rj 95-DF-9356,DRV480,825.3,RJ95DF9356,,,Negative transit time or arrival before departure,Exclude from transit average KPIs
TRP004749,MANDI041,WH-North,02/02/2026 12:57,03-Feb-2026 03:57:08,-15.0,753.3,km,,,753.3,,,,Negative transit time or arrival before departure,Exclude from transit average KPIs
TRP004187,MANDI025,WH-Central,21/01/2026,2026-01-22 20:18:36,-21.3,1176.4,km,hr 37-AB-2850,,1176.4,HR37AB2850,,,Negative transit time or arrival before departure,Exclude from transit average KPIs
TRP007420,MANDI056,WH-West,03/06/2026,06-04-2026 01:54 AM,-8.5,348.6 KM,,PB-98-DF-8419,DRV276,,PB98DF8419,,,Negative transit time or arrival before departure,Exclude from transit average KPIs
TRP008011,MANDI027,WH-West,15/03/2026,2026-03-15 17:48:14,-14.5,816.3,km,PB-35-BC-5704,DRV261,816.3,PB35BC5704,,,Negative transit time or arrival before departure,Exclude from transit average KPIs
TRP009349,MANDI054,WH-South,02/02/2026 22:22,2026-02-03 12:10:31,-13.8,650.9 KM,,pb 46-AB-3737,DRV315,,PB46AB3737,,,Negative transit time or arrival before departure,Exclude from transit average KPIs
TRP005162,MANDI035,WH-Central,25/07/2026 22:49,26/07/2026 18:01,-19.2,810.2,km,HR-37-BC-5275,DRV744,810.2,HR37BC5275,,,Negative transit time or arrival before departure,Exclude from transit average KPIs
TRP007652,MANDI007,WH-East,2026-01-20 05:53:50,,-13.7,679.2,km,,DRV682,679.2,,,,Negative transit time or arrival before departure,Exclude from transit average KPIs
TRP005589,MANDI046,WH-East,20-Jun-2026 02:26:56,20-Jun-2026 15:32:56,-13.1,596.5 KM,,pb 64-DF-2966,DRV961,,PB64DF2966,,,Negative transit time or arrival before departure,Exclude from transit average KPIs
TRP004981,MANDI041,WH-Central,2026-03-19T01:57:09,2026-03-19 11:27:09,-9.5,536.1,km,RJ 54 AB 2452,DRV464,536.1,RJ54AB2452,2026-03-19 01:57:09,,Negative transit time or arrival before departure,Exclude from transit average KPIs
TRP009906,MANDI051,WH-Central,2026-08-19T01:04:06,08-19-2026 03:10 PM,-14.1,819.0,km,,DRV488,819.0,,2026-08-19 01:04:06,,Negative transit time or arrival before departure,Exclude from transit average KPIs
TRP008868,MANDI040,Export-Terminal,04-Apr-2026 02:57:25,04-04-2026 07:03 AM,-4.1,243.4,km,rj 30-AB-6262,DRV689,243.4,RJ30AB6262,,,Negative transit time or arrival before departure,Exclude from transit average KPIs
TRP007544,MANDI019,WH-South,09-May-2026 05:14:19,2026-05-10 01:32:19,-20.3,1171.6,km,pb 30-AB-5531,DRV299,1171.6,PB30AB5531,,,Negative transit time or arrival before departure,Exclude from transit average KPIs
TRP005733,MANDI032,WH-West,2026-06-07T04:51:54,07/06/2026 08:45,-3.9,230.4,km,dl 30-AB-7156,DRV897,230.4,DL30AB7156,2026-06-07 04:51:54,2026-07-06 08:45:00,Negative transit time or arrival before departure,Exclude from transit average KPIs
TRP002739,MANDI009,WH-East,2026-06-02T17:37:14,,-21.3,953.1,km,DL33-CD-6681,DRV485,953.1,DL33CD6681,2026-06-02 17:37:14,,Negative transit time or arrival before departure,Exclude from transit average KPIs
TRP009828,MANDI016,WH-Central,2026-04-21 13:58:19,2026-04-21 20:16:19,-6.3,158.5738792,miles,PB-59-BC-3599,DRV860,255.19928675172798,PB59BC3599,,,Negative transit time or arrival before departure,Exclude from transit average KPIs
TRP002745,MANDI039,WH-East,02/03/2026 20:17,2026-03-03 18:29:36,-22.2,1250.4,km,HR36-CD-2586,DRV381,1250.4,HR36CD2586,,,Negative transit time or arrival before departure,Exclude from transit average KPIs
TRP000581,MANDI017,WH-South,04-Feb-2026 04:53:25,02-04-2026 01:35 PM,-8.7,510.9,km,PB 42 DF 4027,,510.9,PB42DF4027,,,Negative transit time or arrival before departure,Exclude from transit average KPIs
TRP000831,MANDI001,WH-North,28-Aug-2026 12:44:03,2026-08-28T17:14:03,-4.5,236.0,km,PB-13-BC-8851,DRV871,236.0,PB13BC8851,,,Negative transit time or arrival before departure,Exclude from transit average KPIs
TRP003855,MANDI022,Export-Terminal,12-Jul-2026 11:58:06,12-Jul-2026 18:34:06,-6.6,372.7,km,RJ-40-DF-8404,DRV620,372.7,RJ40DF8404,,,Negative transit time or arrival before departure,Exclude from transit average KPIs
TRP002807,MANDI056,WH-North,2026-07-27T09:33:43,27-Jul-2026 16:45:43,-7.2,288.0,km,DL 82 CD 7792,DRV172,288.0,DL82CD7792,2026-07-27 09:33:43,,Negative transit time or arrival before departure,Exclude from transit average KPIs
TRP005597,MANDI047,WH-Central,18-Mar-2026 21:26:41,19/03/2026 16:50,-19.4,486.2228075,miles,PB19-DF-4229,,782.49781302205,PB19DF4229,,,Negative transit time or arrival before departure,Exclude from transit average KPIs
TRP003395,MANDI044,Export-Terminal,01-16-2026 04:27 AM,17-Jan-2026 00:21:36,-19.9,695.8112457999999,miles,up 16-BC-1086,DRV983,1119.796870315772,UP16BC1086,,,Negative transit time or arrival before departure,Exclude from transit average KPIs
TRP000700,MANDI023,WH-Central,2026-01-04 00:10:45,04/01/2026 18:22,-18.2,1032.4,km,rj 36-CD-4313,DRV426,1032.4,RJ36CD4313,,2026-04-01 18:22:00,Negative transit time or arrival before departure,Exclude from transit average KPIs
TRP000607,MANDI011,Export-Terminal,2026-08-05T01:34:57,05/08/2026 23:10,21.6,1211.7 KM,,UP22-AB-8855,DRV237,,UP22AB8855,2026-08-05 01:34:57,2026-05-08 23:10:00,Negative transit time or arrival before departure,Exclude from transit average KPIs
TRP008209,MANDI031,WH-Central,30/08/2026 06:48,,-11.1,616.2,km,UP 57 BC 4086,DRV862,616.2,UP57BC4086,,,Negative transit time or arrival before departure,Exclude from transit average KPIs
TRP005535,MANDI056,WH-East,2026-02-12 19:18:46,2026-02-13 17:18:46,-22.0,784.9158472,miles,UP62-AB-1645,DRV197,1263.1964695328481,UP62AB1645,,,Negative transit time or arrival before departure,Exclude from transit average KPIs
TRP000660,MANDI045,Export-Terminal,03-11-2026 09:24 AM,11-Mar-2026 16:24:29,-7.0,306.1,km,DL 29 AB 9402,,306.1,DL29AB9402,,,Negative transit time or arrival before departure,Exclude from transit average KPIs
TRP003511,MANDI055,Export-Terminal,2026-03-29 23:06:28,2026-03-30T01:54:28,-2.8,150.6,km,UP-15-DF-6268,DRV185,150.6,UP15DF6268,,,Negative transit time or arrival before departure,Exclude from transit average KPIs
TRP001292,MANDI039,WH-West,16/05/2026 12:37,2026-05-16T21:31:52,-8.9,470.2,km,,DRV746,470.2,,,,Negative transit time or arrival before departure,Exclude from transit average KPIs
TRP005865,MANDI005,WH-North,02/01/2026,,-9.3,504.4,km,DL-45-DF-4861,DRV401,504.4,DL45DF4861,,,Negative transit time or arrival before departure,Exclude from transit average KPIs
TRP001060,MANDI046,WH-West,04-12-2026 08:47 AM,04-13-2026 06:11 AM,-21.4,860.7,km,DL-55-AB-6210,DRV253,860.7,DL55AB6210,,,Negative transit time or arrival before departure,Exclude from transit average KPIs
TRP006911,MANDI012,WH-North,05-29-2026 01:25 AM,29/05/2026 15:13,-13.8,665.8,km,,DRV166,665.8,,,,Negative transit time or arrival before departure,Exclude from transit average KPIs
TRP003841,MANDI042,WH-West,2026-01-13 23:12:26,,-8.8,494.0,km,rj 24-AB-2603,,494.0,RJ24AB2603,,,Negative transit time or arrival before departure,Exclude from transit average KPIs
TRP005619,MANDI020,WH-North,2026-04-13 04:14:10,13-Apr-2026 12:38:10,-8.4,472.9,km,,DRV989,472.9,,,,Negative transit time or arrival before departure,Exclude from transit average KPIs
TRP004860,MANDI025,WH-North,03-21-2026 03:25 PM,2026-03-22 06:49:27,-15.4,830.3,km,DL-93-DF-7903,DRV658,830.3,DL93DF7903,,,Negative transit time or arrival before departure,Exclude from transit average KPIs
TRP004298,MANDI039,WH-Central,2026-07-05T15:24:18,06/07/2026 04:30,13.1,400.784295,miles,UP 94 AB 9283,DRV594,644.9981973153,UP94AB9283,2026-07-05 15:24:18,2026-06-07 04:30:00,Negative transit time or arrival before departure,Exclude from transit average KPIs
TRP006874,MANDI032,Export-Terminal,09-Mar-2026 09:21:54,2026-03-10T01:51:54,-16.5,956.5,km,HR-71-CD-3471,DRV640,956.5,HR71CD3471,,,Negative transit time or arrival before departure,Exclude from transit average KPIs
TRP009693,MANDI056,WH-South,02-03-2026 01:55 PM,02-04-2026 01:43 PM,-23.8,1028.1,km,up 88-CD-8207,DRV585,1028.1,UP88CD8207,,,Negative transit time or arrival before departure,Exclude from transit average KPIs
